site,ptcount,date,sppcode,type,minute,distance,howmany,comments
1,a,6/11/2018,OVEN,S,2,2,1,
1,a,6/11/2018,EAWP,S,4,3,1,
1,a,6/11/2018,CSWA,S,0,2,1,
1,a,6/11/2018,AMCR,S,0,2,1,
1,a,6/11/2018,BHCO,S,0,2,1,
1,a,6/11/2018,CCSP,S,3,3,1,
1,a,6/11/2018,SCTA,D,0,2,1,
1,a,6/11/2018,SACR,C,1,1,1,
1,a,6/11/2018,MOWA,D,2,2,1,
1,a,6/11/2018,HETH,S,0,3,1,
1,a,6/11/2018,SCTA,S,0,3,1,
1,a,6/11/2018,ALFL,S,0,2,1,
1,a,6/11/2018,OVEN,C,2,2,1,
1,b,6/12/2018,BLJA,S,0,2,1,
1,b,6/12/2018,VEER,S,1,4,1,
1,b,6/12/2018,WTSP,S,0,1,1,
1,b,6/12/2018,CAWA,S,1,3,1,
1,b,6/12/2018,REVI,S,1,2,1,
1,b,6/12/2018,CSWA,S,4,3,1,
1,c,6/13/2018,AMRE,S,4,3,1,
1,c,6/13/2018,REVI,S,0,1,1,
1,c,6/13/2018,OVEN,S,0,2,1,
1,c,6/13/2018,VEER,S,0,3,1,
1,c,6/13/2018,CSWA,C,2,1,1,
1,c,6/13/2018,TEWA,S,0,2,1,
1,c,6/13/2018,OVEN,S,4,4,1,
1,c,6/13/2018,GWWA,S,4,3,1,
1,c,6/13/2018,AMRE,S,3,1,1,
1,d,6/13/2018,OVEN,C,0,4,1,
1,d,6/13/2018,CSWA,C,0,2,1,
1,d,6/13/2018,CSWA,S,2,2,1,
1,d,6/13/2018,UPBD,S,4,2,1,
1,d,6/13/2018,CSWA,S,1,1,1,
1,d,6/13/2018,VEER,S,1,2,1,
1,d,6/13/2018,RBGR,S,0,4,1,
1,d,6/13/2018,AMRE,S,3,2,1,
1,d,6/13/2018,REVI,C,0,4,1,
1,d,6/13/2018,AMRE,S,3,4,1,
1,d,6/13/2018,ALFL,S,0,2,1,
1,d,6/13/2018,SCTA,S,0,4,1,
1,d,6/13/2018,GWWA,S,0,3,1,
2,a,6/9/2018,REVI,S,0,3,1,
2,a,6/9/2018,UWAR,O,0,4,1,
2,a,6/9/2018,CSWA,S,2,1,1,
2,a,6/9/2018,REVI,S,3,4,1,
2,a,6/9/2018,CSWA,S,0,4,1,
2,a,6/9/2018,MOWA,S,4,2,1,
2,a,6/9/2018,OVEN,S,4,3,1,
2,a,6/9/2018,AMRE,S,3,3,1,
2,a,6/9/2018,ALFL,S,0,4,1,
2,b,6/9/2018,RUGR,S,1,3,1,
2,b,6/9/2018,CMWA,S,0,4,1,
2,b,6/9/2018,CSWA,S,0,3,1,
2,b,6/9/2018,AMRE,S,0,1,1,
2,b,6/9/2018,BDOW,D,1,3,1,
2,b,6/9/2018,EABL,C,1,4,1,
2,b,6/9/2018,WTSP,S,2,1,1,
2,b,6/9/2018,RUGR,S,3,2,1,
2,b,6/9/2018,BAWW,C,0,2,1,
2,b,6/9/2018,REVI,S,1,2,1,
2,b,6/9/2018,REVI,S,0,4,1,
2,c,6/9/2018,BBCU,C,0,1,1,
2,c,6/9/2018,VEER,S,2,3,1,
2,c,6/9/2018,UWPR,S,0,2,1,
2,c,6/9/2018,OVEN,S,0,4,1,
2,c,6/9/2018,AMRE,S,0,2,1,
2,c,6/9/2018,REVI,S,0,2,1,
2,c,6/9/2018,REVI,S,2,1,1,
2,c,6/9/2018,AMRO,S,2,3,1,
2,d,6/9/2018,CSWA,F,2,2,1,
2,d,6/9/2018,GRCA,S,0,2,1,
2,d,6/9/2018,NAWA,S,0,1,1,
2,d,6/9/2018,CSWA,S,0,3,1,
2,d,6/9/2018,BLJA,S,2,3,1,
2,d,6/9/2018,AMRE,S,0,2,1,
2,d,6/9/2018,UPBD,S,0,1,1,
2,d,6/9/2018,VEER,S,4,1,2,
2,d,6/9/2018,NAWA,C,0,4,1,
2,d,6/9/2018,AMRE,S,4,1,1,
2,d,6/9/2018,GWWA,S,0,3,1,
2,d,6/9/2018,SCTA,S,4,3,1,
2,d,6/9/2018,AMRO,S,3,3,1,
3,a,6/29/2018,CSWA,S,0,2,1,
3,a,6/29/2018,OVEN,S,0,2,1,
3,a,6/29/2018,AMRE,S,4,4,1,
3,a,6/29/2018,OVEN,C,0,2,1,
3,a,6/29/2018,BWHA,S,2,3,1,
3,a,6/29/2018,OVEN,S,0,1,1,
3,a,6/29/2018,REVI,S,4,3,1,
3,a,6/29/2018,VEER,C,0,2,1,
3,a,6/29/2018,REVI,S,0,2,1,
3,a,6/29/2018,NAWA,S,0,1,1,
3,a,6/29/2018,UPBD,S,2,3,1,
3,a,6/29/2018,OVEN,S,0,4,1,
3,a,6/29/2018,AMRE,S,3,3,1,
3,a,6/29/2018,WTSP,S,4,2,1,
3,a,6/29/2018,WTSP,C,1,1,1,
3,b,6/29/2018,UPBD,S,2,4,2,
3,b,6/29/2018,VEER,F,1,2,1,
3,b,6/29/2018,REVI,S,1,1,1,
3,b,6/29/2018,AMRE,S,0,2,1,
3,b,6/29/2018,NAWA,S,0,2,1,
3,b,6/29/2018,CHSP,S,4,3,1,
3,b,6/29/2018,MOWA,O,0,4,1,
3,b,6/29/2018,OVEN,S,1,3,1,
3,b,6/29/2018,ALFL,S,3,1,1,
3,b,6/29/2018,ALFL,S,0,3,1,
3,b,6/29/2018,WTSP,C,4,4,1,
3,b,6/29/2018,VEER,S,2,2,1,
3,c,6/30/2018,CSWA,S,0,3,1,
3,c,6/30/2018,REVI,S,0,1,1,
3,c,6/30/2018,VEER,S,2,2,1,
3,c,6/30/2018,REVI,D,4,4,1,
3,c,6/30/2018,CSWA,O,3,3,1,
3,c,6/30/2018,UPBD,S,4,2,1,
3,c,6/30/2018,COYE,S,0,1,1,
3,c,6/30/2018,CSWA,S,3,4,1,
3,c,6/30/2018,CSWA,C,0,2,1,
3,c,6/30/2018,MOWA,S,0,1,1,
3,c,6/30/2018,ALFL,S,0,3,1,
3,c,6/30/2018,VEER,S,3,3,1,
3,c,6/30/2018,VEER,S,1,4,1,
3,c,6/30/2018,AMBI,S,0,2,1,
3,c,6/30/2018,CSWA,S,3,1,1,
3,d,6/30/2018,SCTA,S,0,4,1,
3,d,6/30/2018,UPBD,S,2,3,1,
3,d,6/30/2018,REVI,S,0,4,1,
3,d,6/30/2018,OVEN,S,4,2,1,
3,d,6/30/2018,CSWA,S,1,4,1,
3,d,6/30/2018,OVEN,S,0,3,1,
3,d,6/30/2018,AMRE,S,0,4,1,
3,d,6/30/2018,OVEN,D,0,3,1,
3,d,6/30/2018,WTSP,C,0,3,1,
4,a,5/31/2018,CSWA,S,0,4,1,
4,a,5/31/2018,CSWA,S,0,3,1,
4,a,5/31/2018,REVI,S,0,3,1,
4,a,5/31/2018,REVI,D,4,3,1,
4,a,5/31/2018,UPBD,S,0,2,1,
4,a,5/31/2018,RBGR,F,0,2,1,
4,a,5/31/2018,GWWA,S,0,3,1,
4,a,5/31/2018,AMRE,S,0,3,1,
4,a,5/31/2018,BCCH,S,4,4,1,
4,a,5/31/2018,CSWA,S,2,2,1,
4,a,5/31/2018,COYE,S,2,2,1,
4,a,5/31/2018,VEER,S,0,3,1,
4,a,5/31/2018,OVEN,S,0,2,1,
4,a,5/31/2018,RTHU,S,0,4,1,
4,a,5/31/2018,ALFL,S,0,1,1,
4,a,5/31/2018,AMGO,C,4,4,1,
4,b,5/31/2018,SCTA,S,0,3,1,
4,b,5/31/2018,NAWA,S,0,3,1,
4,b,5/31/2018,YBSA,S,0,2,1,
4,b,5/31/2018,SEWR,S,0,1,1,
4,b,5/31/2018,UPBD,S,4,2,1,
4,b,5/31/2018,CSWA,S,0,2,1,
4,b,5/31/2018,OVEN,S,0,3,1,
4,b,5/31/2018,VEER,C,0,3,1,
4,b,5/31/2018,CORA,S,0,4,1,
4,b,5/31/2018,VEER,S,4,1,1,
4,c,5/31/2018,BCCH,S,2,2,1,
4,c,5/31/2018,ALFL,S,0,2,1,
4,c,5/31/2018,NAWA,S,0,2,1,
4,c,5/31/2018,CSWA,S,0,2,1,
4,c,5/31/2018,AMRE,C,0,4,1,
4,c,5/31/2018,ALFL,S,3,1,1,
4,c,5/31/2018,SOSP,S,0,4,1,
4,c,5/31/2018,NAWA,S,2,1,1,
4,d,5/31/2018,UWPR,S,4,1,1,
4,d,5/31/2018,ALFL,S,0,1,1,
4,d,5/31/2018,VEER,S,0,2,1,
4,d,5/31/2018,OVEN,S,0,3,1,
4,d,5/31/2018,RUGR,D,3,4,1,
4,d,5/31/2018,AMRE,S,2,2,1,
4,d,5/31/2018,AMRO,S,0,3,1,
4,d,5/31/2018,ALFL,S,0,4,1,
4,d,5/31/2018,ALFL,D,3,3,1,
4,d,5/31/2018,NAWA,S,0,2,1,
4,d,5/31/2018,COYE,S,0,3,1,
5,a,5/28/2018,AMRE,S,0,4,1,
5,a,5/28/2018,GWWA,S,0,3,1,
5,a,5/28/2018,GWWA,S,0,2,2,
5,a,5/28/2018,BAWW,S,4,3,1,
5,a,5/28/2018,AMRE,C,0,1,1,
5,a,5/28/2018,CSWA,S,4,2,1,
5,a,5/28/2018,ALFL,S,1,1,1,
5,a,5/28/2018,VEER,S,0,3,2,
5,a,5/28/2018,NAWA,S,3,3,1,
5,a,5/28/2018,YBSA,S,4,2,1,
5,a,5/28/2018,WTSP,S,0,3,2,
5,a,5/28/2018,NAWA,S,0,3,1,
5,b,5/28/2018,OVEN,C,2,1,1,
5,b,5/28/2018,NAWA,O,3,2,1,
5,b,5/28/2018,VEER,S,2,3,1,
5,b,5/28/2018,RBGR,S,0,3,1,
5,b,5/28/2018,GRCA,S,0,2,1,
5,b,5/28/2018,ALFL,D,0,2,1,
5,b,5/28/2018,OVEN,C,4,2,1,
5,b,5/28/2018,BLJA,S,0,1,1,
5,c,5/28/2018,AMRE,O,3,1,1,
5,c,5/28/2018,VEER,S,0,3,1,
5,c,5/28/2018,COYE,S,3,4,1,
5,c,5/28/2018,COYE,S,0,3,1,
5,c,5/28/2018,GWWA,C,0,3,1,
5,c,5/28/2018,UPBD,S,0,2,1,
5,c,5/28/2018,BLJA,C,4,2,1,
5,c,5/28/2018,ALFL,S,0,3,1,
5,c,5/28/2018,COYE,S,4,2,1,
5,c,5/28/2018,OVEN,S,0,2,1,
5,c,5/28/2018,WTSP,S,0,2,1,
5,d,5/28/2018,ALFL,C,3,1,1,
5,d,5/28/2018,VEER,S,0,2,1,
5,d,5/28/2018,UPBD,S,1,1,1,
5,d,5/28/2018,REVI,C,0,3,1,
5,d,5/28/2018,AMRE,S,3,3,1,
5,d,5/28/2018,ALFL,S,0,4,1,
5,d,5/28/2018,UWAR,S,0,4,1,
5,d,5/28/2018,NAWA,S,0,2,1,
5,d,5/28/2018,UPBD,S,3,1,1,
5,d,5/28/2018,ALFL,C,1,1,1,
6,a,6/21/2018,CSWA,S,0,3,1,
6,a,6/21/2018,OVEN,S,1,4,1,
6,a,6/21/2018,OVEN,S,0,4,1,
6,a,6/21/2018,REVI,C,0,3,1,
6,a,6/21/2018,CSWA,S,4,4,1,
6,a,6/21/2018,VEER,S,0,2,1,
6,a,6/21/2018,BLJA,S,1,3,1,
6,a,6/21/2018,VEER,C,3,4,1,
6,a,6/21/2018,OVEN,S,1,2,1,
6,a,6/21/2018,RUGR,S,3,4,1,
6,a,6/21/2018,REVI,S,3,4,1,
6,a,6/21/2018,OVEN,S,0,2,1,
6,a,6/21/2018,MOWA,S,4,2,1,
6,a,6/21/2018,GWWA,S,0,3,1,
6,a,6/21/2018,AMRE,S,0,4,3,
6,b,6/21/2018,AMRE,S,0,2,1,
6,b,6/21/2018,AMRO,S,2,3,1,
6,b,6/21/2018,DOWO,S,1,1,1,
6,b,6/21/2018,CMWA,C,4,4,1,
6,b,6/21/2018,NAWA,S,0,2,1,
6,c,6/21/2018,REVI,S,0,3,1,
6,c,6/21/2018,BHCO,S,0,2,1,
6,c,6/21/2018,BLJA,S,0,2,1,
6,c,6/21/2018,CSWA,S,4,2,1,
6,c,6/21/2018,CSWA,S,0,2,1,
6,c,6/21/2018,USBD,S,0,2,1,
6,c,6/21/2018,REVI,S,0,2,1,
6,c,6/21/2018,CSWA,D,0,3,1,
6,c,6/21/2018,BLJA,F,0,2,1,
6,c,6/21/2018,SOSP,S,2,2,1,
6,c,6/21/2018,GCFL,S,0,3,1,
6,c,6/21/2018,RUGR,S,4,2,1,
6,d,6/21/2018,RBWO,S,0,2,2,
6,d,6/21/2018,COYE,S,0,2,1,
6,d,6/21/2018,CSWA,S,4,2,1,
6,d,6/21/2018,REVI,S,0,3,1,
6,d,6/21/2018,OVEN,S,0,3,1,
6,d,6/21/2018,AMRE,S,4,4,1,
6,d,6/21/2018,AMCR,S,0,2,1,
6,d,6/21/2018,RCKI,S,4,3,1,
6,d,6/21/2018,CAWA,S,0,4,1,
6,d,6/21/2018,RBGR,C,0,4,1,
7,a,6/7/2018,CCSP,S,0,3,1,
7,a,6/7/2018,RUGR,S,4,3,1,
7,a,6/7/2018,AMRE,S,0,3,1,
7,a,6/7/2018,BLJA,S,0,3,1,
7,a,6/7/2018,BLJA,S,0,2,1,
7,a,6/7/2018,AMGO,O,0,1,1,
7,a,6/7/2018,HETH,C,3,4,1,
7,a,6/7/2018,REVI,C,1,1,1,
7,a,6/7/2018,REVI,S,1,2,1,
7,a,6/7/2018,BLJA,C,2,3,1,
7,a,6/7/2018,NAWA,S,4,1,1,
7,b,6/7/2018,VEER,S,0,4,1,
7,b,6/7/2018,YTVI,C,0,4,1,
7,b,6/7/2018,MOWA,S,0,2,1,
7,b,6/7/2018,AMRE,S,4,3,1,
7,b,6/7/2018,OVEN,S,0,2,1,
7,b,6/7/2018,AMRE,O,0,2,1,
7,b,6/7/2018,RBGR,S,0,4,1,
7,b,6/7/2018,RTHU,S,4,3,1,
7,b,6/7/2018,REVI,S,0,3,1,
7,b,6/7/2018,VEER,S,1,4,1,
7,b,6/7/2018,NAWA,S,0,3,1,
7,b,6/7/2018,OVEN,S,0,2,1,
7,b,6/7/2018,GWWA,S,0,4,1,
7,b,6/7/2018,WTSP,C,0,2,1,
7,b,6/7/2018,CSWA,S,4,3,1,
7,b,6/7/2018,CSWA,S,0,1,1,
7,c,6/7/2018,WOTH,S,3,1,1,
7,c,6/7/2018,VEER,S,3,3,1,
7,c,6/7/2018,VEER,C,0,3,1,
7,c,6/7/2018,BAWW,C,1,4,1,
7,c,6/7/2018,AMRE,S,0,1,1,
7,c,6/7/2018,COYE,S,0,2,1,
7,c,6/7/2018,SOSP,S,0,4,1,
7,c,6/7/2018,VEER,S,1,4,1,
7,c,6/7/2018,GWWA,S,0,3,1,
7,c,6/7/2018,TRES,S,0,1,1,
7,c,6/7/2018,WTSP,O,4,1,1,
7,c,6/7/2018,OSPR,S,2,2,1,
7,d,6/7/2018,REVI,S,1,2,1,
7,d,6/7/2018,OVEN,C,0,2,1,
7,d,6/7/2018,VEER,C,0,3,1,
7,d,6/7/2018,UPBD,S,0,1,1,
7,d,6/7/2018,BLJA,S,1,4,1,
7,d,6/7/2018,UPBD,C,2,3,1,
7,d,6/7/2018,VEER,S,0,3,1,
7,d,6/7/2018,ALFL,S,2,2,1,
7,d,6/7/2018,AMRE,S,4,4,1,
7,d,6/7/2018,WTSP,S,0,2,1,
7,d,6/7/2018,GWWA,C,3,4,2,
7,d,6/7/2018,RUGR,S,3,4,1,
8,a,7/1/2018,REVI,S,1,4,1,
8,a,7/1/2018,UPBD,S,1,3,1,
8,a,7/1/2018,REVI,S,0,1,1,
8,a,7/1/2018,ALFL,S,0,3,1,
8,a,7/1/2018,ALFL,S,0,2,1,
8,a,7/1/2018,OVEN,S,4,4,1,
8,a,7/1/2018,GRCA,S,1,2,1,
8,a,7/1/2018,RBGR,C,4,2,1,
8,a,7/1/2018,SCTA,S,2,1,1,
8,a,7/1/2018,ALFL,S,3,2,1,
8,a,7/1/2018,NAWA,S,0,2,1,
8,a,7/1/2018,CEDW,S,2,2,1,
8,a,7/1/2018,REVI,S,0,1,1,
8,a,7/1/2018,BLJA,S,2,3,1,
8,a,7/1/2018,VEER,S,3,4,1,
8,a,7/1/2018,CSWA,S,0,4,1,
8,b,7/2/2018,COYE,O,2,3,1,
8,b,7/2/2018,BBCU,S,4,2,1,
8,b,7/2/2018,VEER,S,0,4,1,
8,b,7/2/2018,GWWA,S,2,2,1,
8,b,7/2/2018,SCTA,S,3,2,1,
8,b,7/2/2018,NAWA,S,0,3,1,
8,b,7/2/2018,REVI,S,0,2,1,
8,b,7/2/2018,AMRE,S,0,2,1,
8,b,7/2/2018,NAWA,C,4,2,2,
8,b,7/2/2018,NAWA,C,2,2,1,
8,c,7/2/2018,RUGR,C,3,3,1,
8,c,7/2/2018,CSWA,S,4,2,1,
8,c,7/2/2018,RBGR,S,0,2,1,
8,c,7/2/2018,SCTA,S,1,3,1,
8,c,7/2/2018,AMRE,S,0,1,1,
8,c,7/2/2018,WOTH,S,0,1,1,
8,c,7/2/2018,REVI,S,0,4,1,
8,c,7/2/2018,UWAR,S,0,3,1,
8,c,7/2/2018,RBGR,S,0,2,1,
8,c,7/2/2018,VEER,S,0,1,1,
8,d,7/2/2018,CSWA,S,0,3,1,
8,d,7/2/2018,COYE,S,0,3,1,
8,d,7/2/2018,MOWA,S,0,3,1,
8,d,7/2/2018,UPBD,S,0,3,1,
8,d,7/2/2018,COYE,C,0,1,1,
8,d,7/2/2018,CSWA,S,2,4,1,
8,d,7/2/2018,SOSP,S,1,3,1,
8,d,7/2/2018,GWWA,S,2,3,1,
8,d,7/2/2018,NAWA,D,0,3,1,
8,d,7/2/2018,BTNW,S,0,2,1,
8,d,7/2/2018,ALFL,S,0,3,1,
8,d,7/2/2018,CSWA,S,3,3,1,
8,d,7/2/2018,CAGO,S,0,3,1,
8,d,7/2/2018,GWWA,S,0,1,1,
8,d,7/2/2018,YBSA,S,0,3,1,
8,d,7/2/2018,RUGR,S,0,2,1,
8,d,7/2/2018,NAWA,S,0,2,1,
8,d,7/2/2018,WTSP,S,0,2,1,
8,d,7/2/2018,VEER,S,4,1,1,
9,a,6/9/2018,WTSP,S,0,3,1,
9,a,6/9/2018,GRCA,S,3,2,1,
9,a,6/9/2018,GWWA,S,3,1,1,
9,a,6/9/2018,UPBD,C,4,2,1,
9,a,6/9/2018,VEER,C,0,2,1,
9,a,6/9/2018,AMRE,S,0,2,1,
9,a,6/9/2018,PBGR,S,0,2,1,
9,a,6/9/2018,CSWA,S,0,3,1,
9,a,6/9/2018,WTSP,S,4,2,1,
9,a,6/9/2018,VEER,S,4,4,1,
9,a,6/9/2018,REVI,S,0,4,1,
9,a,6/9/2018,OVEN,S,0,4,1,
9,a,6/9/2018,GWWA,S,0,2,1,
9,b,6/9/2018,GCFL,S,2,3,1,
9,b,6/9/2018,RBGR,S,3,4,1,
9,b,6/9/2018,MOWA,S,0,1,1,
9,b,6/9/2018,BAWW,S,3,3,1,
9,b,6/9/2018,VEER,S,0,2,1,
9,b,6/9/2018,RBGR,D,2,4,1,
9,b,6/9/2018,UPBD,S,0,4,1,
9,b,6/9/2018,GRCA,C,0,2,1,
9,b,6/9/2018,OVEN,C,1,3,1,
9,b,6/9/2018,VEER,S,4,3,1,
9,b,6/9/2018,SOSP,O,1,2,1,
9,b,6/9/2018,REVI,S,0,4,1,
9,b,6/9/2018,CSWA,S,2,3,1,
9,b,6/9/2018,OVEN,S,0,1,1,
9,c,6/9/2018,UPBD,S,0,3,1,
9,c,6/9/2018,UPBD,S,0,2,1,
9,c,6/9/2018,NAWA,S,0,3,1,
9,c,6/9/2018,WOTH,S,0,2,1,
9,c,6/9/2018,WTSP,S,4,1,1,
9,c,6/9/2018,WTSP,S,0,3,1,
9,c,6/9/2018,REVI,C,2,3,1,
9,c,6/9/2018,OVEN,S,0,2,1,
9,c,6/9/2018,GWWA,C,0,2,1,
9,d,6/9/2018,AMRE,C,0,4,1,
9,d,6/9/2018,CSWA,S,0,3,1,
9,d,6/9/2018,AMCR,S,0,3,1,
9,d,6/9/2018,NAWA,S,0,4,1,
9,d,6/9/2018,AMCR,S,3,1,2,
9,d,6/9/2018,BBCU,S,3,2,1,
9,d,6/9/2018,CSWA,S,3,2,1,
9,d,6/9/2018,BHCO,S,0,2,1,
9,d,6/9/2018,BLJA,S,3,3,1,
9,d,6/9/2018,OVEN,D,2,2,1,
9,d,6/9/2018,GWWA,S,0,3,1,
9,d,6/9/2018,REVI,C,3,2,1,
9,d,6/9/2018,WTSP,S,1,4,1,
9,d,6/9/2018,RTHU,S,3,4,1,
9,d,6/9/2018,CSWA,S,0,2,1,
9,d,6/9/2018,GWWA,C,0,3,1,
9,d,6/9/2018,REVI,S,2,3,1,
10,a,7/3/2018,GWWA,S,3,2,1,
10,a,7/3/2018,RUGR,S,0,2,1,
10,a,7/3/2018,VEER,S,0,4,1,
10,a,7/3/2018,NAWA,S,3,4,1,
10,a,7/3/2018,VEER,S,3,2,1,
10,a,7/3/2018,PIWA,C,0,4,1,
10,a,7/3/2018,NAWA,S,4,1,1,
10,a,7/3/2018,AMRE,S,0,2,1,
10,a,7/3/2018,CAGO,S,0,3,1,
10,b,7/3/2018,GWWA,S,0,3,1,
10,b,7/3/2018,BAWW,S,0,3,1,
10,b,7/3/2018,REVI,S,3,4,1,
10,b,7/3/2018,CAGO,S,0,3,1,
10,b,7/3/2018,AMRE,S,0,2,1,
10,b,7/3/2018,WTSP,S,4,1,1,
10,b,7/3/2018,VEER,O,4,4,1,
10,c,7/3/2018,NAWA,S,3,2,1,
10,c,7/3/2018,OVEN,S,0,3,1,
10,c,7/3/2018,VEER,S,0,3,1,
10,c,7/3/2018,REVI,S,2,2,1,
10,c,7/3/2018,AMRE,O,0,1,1,
10,c,7/3/2018,REVI,C,1,3,1,
10,c,7/3/2018,WOTH,S,0,2,1,
10,c,7/3/2018,CSWA,S,4,4,1,
10,c,7/3/2018,ALFL,S,1,3,1,
10,c,7/3/2018,VEER,S,2,2,1,
10,c,7/3/2018,INBU,C,0,3,1,
10,c,7/3/2018,AMRE,S,3,2,1,
10,c,7/3/2018,WTSP,S,0,2,1,
10,d,7/3/2018,MOWA,S,1,3,1,
10,d,7/3/2018,RBGR,S,0,2,1,
10,d,7/3/2018,COYE,S,4,3,1,
10,d,7/3/2018,UPBD,S,0,2,1,
10,d,7/3/2018,VEER,S,0,2,1,
10,d,7/3/2018,CSWA,S,0,4,1,
10,d,7/3/2018,AMRE,S,4,2,1,
10,d,7/3/2018,NAWA,S,0,3,1,
10,d,7/3/2018,GWWA,C,4,1,1,
10,d,7/3/2018,AMRE,C,3,2,1,
10,d,7/3/2018,COYE,S,0,1,1,
10,d,7/3/2018,VEER,S,0,3,1,
10,d,7/3/2018,OVEN,S,0,3,1,
10,d,7/3/2018,CSWA,S,0,1,1,
10,d,7/3/2018,VEER,S,2,1,1,
11,a,6/29/2018,GWWA,S,0,2,1,
11,a,6/29/2018,GCFL,S,2,3,1,
11,a,6/29/2018,OVEN,S,0,2,1,
11,a,6/29/2018,AMCR,S,3,1,1,
11,a,6/29/2018,VEER,S,1,3,1,
11,a,6/29/2018,AMRE,C,4,3,1,
11,a,6/29/2018,CSWA,C,3,2,1,
11,a,6/29/2018,VEER,S,0,4,1,
11,a,6/29/2018,VEER,S,0,3,1,
11,a,6/29/2018,SOSP,S,4,3,1,
11,a,6/29/2018,GCFL,S,3,2,1,
11,a,6/29/2018,VEER,S,0,2,1,
11,a,6/29/2018,OVEN,S,2,3,1,
11,b,6/29/2018,RBGR,S,4,2,1,
11,b,6/29/2018,SCTA,S,0,3,1,
11,b,6/29/2018,YWAR,C,2,1,1,
11,b,6/29/2018,RBGR,S,0,3,1,
11,b,6/29/2018,CSWA,C,0,3,1,
11,b,6/29/2018,VEER,S,0,3,1,
11,b,6/29/2018,SCJU,D,0,1,1,
11,b,6/29/2018,BLJA,C,0,3,1,
11,b,6/29/2018,WOTH,C,1,4,1,
11,b,6/29/2018,COYE,S,0,1,1,
11,b,6/29/2018,GCFL,S,3,2,1,
11,b,6/29/2018,RBNU,F,0,3,1,
11,b,6/29/2018,MOWA,S,4,4,1,
11,b,6/29/2018,YSFL,D,0,4,1,
11,b,6/29/2018,CSWA,C,0,2,1,
11,b,6/29/2018,ALFL,S,1,4,1,
11,c,6/29/2018,NAWA,S,3,3,1,
11,c,6/29/2018,GRCA,S,3,3,1,
11,c,6/29/2018,CSWA,S,0,3,1,
11,c,6/29/2018,GCFL,S,3,2,1,
11,c,6/29/2018,BHCO,S,1,1,1,
11,c,6/29/2018,VEER,C,0,4,1,
11,c,6/29/2018,AMRE,S,0,3,1,
11,c,6/29/2018,VEER,D,0,2,1,
11,c,6/29/2018,YTVI,C,0,3,1,
11,c,6/29/2018,EATO,S,0,4,1,
11,c,6/29/2018,CSWA,S,3,3,1,
11,c,6/29/2018,VEER,S,0,3,1,
11,c,6/29/2018,COSN,S,1,2,1,
11,d,6/29/2018,MOWA,S,1,3,1,
11,d,6/29/2018,UPBD,S,3,3,1,
11,d,6/29/2018,NAWA,S,0,1,1,
11,d,6/29/2018,COYE,S,4,3,1,
11,d,6/29/2018,AMRE,C,4,4,1,
11,d,6/29/2018,REVI,S,0,3,1,
11,d,6/29/2018,CSWA,S,2,3,1,
11,d,6/29/2018,REVI,S,0,4,1,
12,a,6/18/2018,VEER,D,1,1,1,
12,a,6/18/2018,BCCH,S,4,2,1,
12,a,6/18/2018,CSWA,S,4,2,1,
12,a,6/18/2018,RBGR,S,4,1,1,
12,a,6/18/2018,AMRO,S,2,2,1,
12,a,6/18/2018,AMRE,S,0,2,1,
12,a,6/18/2018,RUGR,S,3,3,1,
12,a,6/18/2018,UPBD,S,0,2,1,
12,a,6/18/2018,VEER,S,0,4,1,
12,a,6/18/2018,RUGR,D,2,3,1,
12,a,6/18/2018,CSWA,S,0,2,1,
12,b,6/18/2018,AMRE,S,0,2,1,
12,b,6/18/2018,RUGR,S,4,2,1,
12,b,6/18/2018,AMRE,S,0,4,1,
12,b,6/18/2018,WBNU,S,2,2,1,
12,b,6/18/2018,AMRE,C,0,1,1,
12,b,6/18/2018,OVEN,C,0,3,1,
12,b,6/18/2018,AMRE,S,0,2,1,
12,b,6/18/2018,GWWA,S,0,2,1,
12,b,6/18/2018,EAWP,C,0,2,1,
12,b,6/18/2018,CSWA,S,1,2,1,
12,b,6/18/2018,NAWA,S,0,1,1,
12,b,6/18/2018,REVI,S,4,2,1,
12,b,6/18/2018,ALFL,S,4,1,1,
12,b,6/18/2018,REVI,S,3,2,1,
12,b,6/18/2018,REVI,S,0,1,1,
12,b,6/18/2018,OVEN,S,0,4,1,
12,c,6/18/2018,CSWA,S,0,3,1,
12,c,6/18/2018,CSWA,S,0,3,1,
12,c,6/18/2018,OVEN,S,0,3,1,
12,c,6/18/2018,YSFL,S,2,2,1,
12,c,6/18/2018,RBGR,S,4,3,1,
12,c,6/18/2018,OVEN,S,0,4,1,
12,c,6/18/2018,NAWA,S,3,1,1,
12,c,6/18/2018,WTSP,S,0,3,1,
12,c,6/18/2018,WTSP,S,0,2,1,
12,c,6/18/2018,CSWA,S,4,3,1,
12,c,6/18/2018,VEER,S,3,1,1,
12,c,6/18/2018,BAWW,S,3,2,1,
12,c,6/18/2018,CSWA,S,1,3,1,
12,c,6/18/2018,VEER,S,0,3,1,
12,d,6/18/2018,REVI,C,2,4,1,
12,d,6/18/2018,AMGO,S,1,4,1,
12,d,6/18/2018,ALFL,S,0,1,1,
12,d,6/18/2018,LEFL,S,1,1,1,
12,d,6/18/2018,ALFL,S,0,1,1,
13,a,5/31/2018,LEFL,S,4,3,1,
13,a,5/31/2018,COYE,S,3,2,1,
13,a,5/31/2018,BDOW,S,3,4,1,
13,a,5/31/2018,NAWA,C,0,2,1,
13,a,5/31/2018,CSWA,S,2,4,1,
13,a,5/31/2018,GWWA,C,1,1,1,
13,a,5/31/2018,UPBD,S,4,1,1,
13,a,5/31/2018,RBGR,S,0,2,1,
13,a,5/31/2018,CSWA,S,0,3,1,
13,a,5/31/2018,AMRE,S,3,2,1,
13,a,5/31/2018,COLO,S,0,3,1,
13,a,5/31/2018,CSWA,S,4,1,1,
13,b,5/31/2018,CSWA,S,0,2,1,
13,b,5/31/2018,GCFL,S,2,2,1,
13,b,5/31/2018,OVEN,S,0,3,1,
13,b,5/31/2018,NAWA,C,0,2,1,
13,b,5/31/2018,VEER,S,1,2,1,
13,b,5/31/2018,RWBL,S,0,3,1,
13,b,5/31/2018,AMRE,S,4,3,1,
13,b,5/31/2018,OVEN,S,2,1,1,
13,b,5/31/2018,VEER,S,3,2,1,
13,b,5/31/2018,AMRE,S,0,2,1,
13,b,5/31/2018,AMRE,S,0,1,1,
13,b,5/31/2018,COYE,S,2,2,1,
13,b,5/31/2018,CSWA,D,0,2,1,
13,b,5/31/2018,LEFL,S,3,2,1,
13,b,5/31/2018,AMRE,S,3,3,1,
13,c,5/31/2018,VEER,S,0,3,1,
13,c,5/31/2018,AMRE,S,3,2,1,
13,c,5/31/2018,VEER,O,4,2,1,
13,c,5/31/2018,HETH,S,0,2,1,
13,c,5/31/2018,CSWA,S,0,3,1,
13,c,5/31/2018,WOTH,S,4,4,2,
13,c,5/31/2018,AMGO,S,0,3,1,
13,c,5/31/2018,BCCH,S,2,2,1,
13,c,5/31/2018,BAWW,C,3,3,1,
13,c,5/31/2018,ALFL,S,0,3,1,
13,c,5/31/2018,AMRE,S,3,2,1,
13,c,5/31/2018,NAWA,S,1,1,1,
13,d,6/1/2018,UPBD,S,3,3,1,
13,d,6/1/2018,NAWA,O,2,1,1,
13,d,6/1/2018,RUGR,S,2,2,1,
13,d,6/1/2018,OVEN,C,4,1,1,
13,d,6/1/2018,OVEN,S,2,3,1,
13,d,6/1/2018,MOWA,D,3,1,1,
13,d,6/1/2018,VEER,S,0,1,2,
13,d,6/1/2018,GRCA,S,0,4,1,
13,d,6/1/2018,RWBL,S,4,2,1,
13,d,6/1/2018,OVEN,S,1,4,1,
13,d,6/1/2018,ALFL,S,0,1,1,
13,d,6/1/2018,NAWA,S,4,2,1,
14,a,6/8/2018,GWWA,S,1,1,1,
14,a,6/8/2018,OVEN,S,4,1,1,
14,a,6/8/2018,ALFL,S,2,2,1,
14,a,6/8/2018,OVEN,S,0,2,1,
14,a,6/8/2018,CSWA,S,1,1,1,
14,a,6/8/2018,REVI,S,2,3,1,
14,a,6/8/2018,CSWA,S,2,4,1,
14,a,6/8/2018,CSWA,S,0,2,1,
14,a,6/8/2018,CSWA,S,4,2,1,
14,a,6/8/2018,CSWA,S,0,2,1,
14,b,6/8/2018,YWAR,S,1,2,1,
14,b,6/8/2018,GWWA,F,0,4,1,
14,b,6/8/2018,AMRE,S,3,2,1,
14,b,6/8/2018,CCSP,S,0,2,1,
14,b,6/8/2018,SCTA,S,0,4,1,
14,b,6/8/2018,RBGR,S,0,4,1,
14,b,6/8/2018,COYE,S,4,3,1,
14,b,6/8/2018,REVI,S,0,4,1,
14,b,6/8/2018,NAWA,S,0,2,1,
14,b,6/8/2018,AMCR,S,0,2,1,
14,b,6/8/2018,WTSP,S,1,2,1,
14,c,6/8/2018,GWWA,S,0,2,1,
14,c,6/8/2018,AMRE,S,0,3,1,
14,c,6/8/2018,NAWA,S,0,3,1,
14,c,6/8/2018,RBGR,S,0,2,1,
14,c,6/8/2018,COYE,S,2,2,1,
14,c,6/8/2018,AMRO,C,0,2,1,
14,c,6/8/2018,CAWA,C,0,2,1,
14,c,6/8/2018,NAWA,S,0,3,1,
14,c,6/8/2018,GWWA,S,1,3,1,
14,c,6/8/2018,VEER,C,3,2,1,
14,c,6/8/2018,CSWA,S,3,3,1,
14,c,6/8/2018,COYE,S,0,4,1,
14,d,6/8/2018,COYE,S,1,1,1,
14,d,6/8/2018,RUGR,S,2,3,1,
14,d,6/8/2018,VEER,S,0,3,1,
14,d,6/8/2018,CAGO,S,0,2,1,
14,d,6/8/2018,AMRE,C,0,1,1,
14,d,6/8/2018,REVI,S,0,3,1,
14,d,6/8/2018,NAWA,F,2,3,1,
14,d,6/8/2018,GWWA,S,2,2,2,
14,d,6/8/2018,GWWA,S,0,3,1,
15,a,6/2/2018,REVI,S,0,3,1,
15,a,6/2/2018,REVI,S,3,2,1,
15,a,6/2/2018,CSWA,S,1,2,1,
15,a,6/2/2018,AMRE,S,4,2,1,
15,a,6/2/2018,CSWA,S,0,1,1,
15,a,6/2/2018,AMRE,S,1,3,1,
15,b,6/2/2018,CSWA,S,4,2,1,
15,b,6/2/2018,MOWA,S,0,4,1,
15,b,6/2/2018,AMRE,F,3,1,1,
15,b,6/2/2018,REVI,S,0,4,1,
15,b,6/2/2018,BLJA,S,2,4,1,
15,b,6/2/2018,RUGR,S,0,3,1,
15,b,6/2/2018,WTSP,S,4,2,1,
15,b,6/2/2018,CSWA,S,0,3,1,
15,b,6/2/2018,GWWA,S,3,2,1,
15,b,6/2/2018,CSWA,C,0,3,1,
15,b,6/2/2018,NAWA,S,0,2,1,
15,b,6/2/2018,CAGO,S,0,4,1,
15,b,6/2/2018,YBSA,S,3,3,1,
15,b,6/2/2018,CAGO,S,0,4,1,
15,b,6/2/2018,AMRE,S,0,3,1,
15,c,6/2/2018,GWWA,D,0,2,1,
15,c,6/2/2018,CSWA,S,0,1,1,
15,c,6/2/2018,GCFL,S,2,2,1,
15,c,6/2/2018,OVEN,S,0,1,1,
15,c,6/2/2018,CSWA,S,0,2,1,
15,c,6/2/2018,VEER,S,0,3,1,
15,c,6/2/2018,GWWA,S,0,4,1,
15,c,6/2/2018,GWWA,S,0,4,1,
15,c,6/2/2018,OVEN,S,4,2,1,
15,c,6/2/2018,VEER,S,0,3,1,
15,c,6/2/2018,VEER,S,3,4,1,
15,c,6/2/2018,REVI,C,4,2,1,
15,c,6/2/2018,BAWW,S,3,3,1,
15,c,6/2/2018,WTSP,S,0,2,1,
15,d,6/2/2018,ALFL,S,3,4,1,
15,d,6/2/2018,OVEN,C,0,1,1,
15,d,6/2/2018,BLJA,C,0,4,1,
15,d,6/2/2018,UWAR,S,4,2,1,
15,d,6/2/2018,BCCH,S,0,4,1,
15,d,6/2/2018,COYE,C,0,2,1,
15,d,6/2/2018,RUGR,F,4,3,1,
15,d,6/2/2018,SCTA,C,4,1,1,
15,d,6/2/2018,CSWA,S,0,3,1,
15,d,6/2/2018,EATO,C,0,2,1,
15,d,6/2/2018,OVEN,S,0,2,1,
15,d,6/2/2018,CSWA,S,1,1,1,
15,d,6/2/2018,RUGR,C,0,2,1,
16,a,6/1/2018,GWWA,S,0,2,1,
16,a,6/1/2018,UPBD,S,0,2,1,
16,a,6/1/2018,AMRE,S,4,3,1,
16,a,6/1/2018,COYE,S,1,2,1,
16,a,6/1/2018,GWWA,S,3,2,1,
16,a,6/1/2018,MOWA,S,0,1,1,
16,a,6/1/2018,WTSP,S,4,2,1,
16,a,6/1/2018,AMRO,C,3,2,2,
16,a,6/1/2018,REVI,S,3,3,1,
16,a,6/1/2018,GWWA,S,0,1,1,
16,a,6/1/2018,REVI,S,0,3,1,
16,b,6/1/2018,AMRE,S,1,3,1,
16,b,6/1/2018,AMRE,S,0,2,1,
16,b,6/1/2018,PIWO,S,1,4,1,
16,b,6/1/2018,RUGR,S,0,2,1,
16,b,6/1/2018,VEER,C,0,3,1,
16,b,6/1/2018,BCCH,S,4,4,1,
16,b,6/1/2018,WOTH,S,0,1,1,
16,b,6/1/2018,GWWA,S,0,2,1,
16,b,6/1/2018,GWWA,O,0,2,1,
16,b,6/1/2018,CSWA,D,0,4,1,
16,b,6/1/2018,AMCR,C,0,1,1,
16,b,6/1/2018,COYE,C,4,2,1,
16,b,6/1/2018,OVEN,S,2,2,1,
16,b,6/1/2018,CORA,S,0,2,1,
16,c,6/1/2018,GWWA,S,1,1,1,
16,c,6/1/2018,CSWA,S,0,2,1,
16,c,6/1/2018,AMRE,C,0,2,1,
16,c,6/1/2018,REVI,S,1,2,1,
16,c,6/1/2018,OVEN,S,3,2,1,
16,c,6/1/2018,WOTH,S,0,2,1,
16,c,6/1/2018,REVI,D,4,4,1,
16,c,6/1/2018,CCSP,S,0,3,1,
16,c,6/1/2018,AMCR,S,0,4,1,
16,c,6/1/2018,AMRE,S,0,3,1,
16,c,6/1/2018,REVI,S,0,4,1,
16,c,6/1/2018,TEWA,C,1,2,1,
16,c,6/1/2018,TRUS,S,3,2,1,
16,c,6/1/2018,REVI,S,4,4,1,
16,d,6/2/2018,ALFL,C,0,4,2,
16,d,6/2/2018,RBGR,S,2,2,1,
16,d,6/2/2018,NAWA,S,0,2,1,
16,d,6/2/2018,LEFL,S,0,2,1,
16,d,6/2/2018,EABL,S,4,2,1,
16,d,6/2/2018,AMRE,S,4,4,1,
16,d,6/2/2018,GRCA,C,0,3,1,
16,d,6/2/2018,CCSP,C,4,3,1,
16,d,6/2/2018,RUGR,S,1,3,1,
16,d,6/2/2018,CSWA,S,0,4,1,
16,d,6/2/2018,RBGR,S,0,4,1,
16,d,6/2/2018,REVI,S,3,2,1,
16,d,6/2/2018,AMRO,S,2,4,1,
16,d,6/2/2018,GWWA,S,4,1,1,
16,d,6/2/2018,RBGR,S,4,1,1,
16,d,6/2/2018,CSWA,C,0,2,1,
17,a,6/27/2018,MOWA,S,2,3,1,
17,a,6/27/2018,HOWR,S,0,4,1,
17,a,6/27/2018,RUGR,C,0,3,1,
17,a,6/27/2018,CSWA,S,2,3,1,
17,a,6/27/2018,INBU,S,0,1,1,
17,a,6/27/2018,NAWA,S,0,3,1,
17,a,6/27/2018,GWWA,S,2,1,1,
17,a,6/27/2018,VEER,S,0,1,1,
17,a,6/27/2018,TRUS,S,1,1,1,
17,a,6/27/2018,BAWW,O,0,3,1,
17,a,6/27/2018,NOPA,S,0,3,1,
17,b,6/27/2018,GRCA,S,0,1,1,
17,b,6/27/2018,CSWA,C,4,3,1,
17,b,6/27/2018,VEER,S,4,4,1,
17,b,6/27/2018,CSWA,S,0,1,1,
17,b,6/27/2018,ALFL,C,0,3,1,
17,b,6/27/2018,RUGR,S,4,2,1,
17,b,6/27/2018,CSWA,S,4,2,1,
17,b,6/27/2018,ALFL,S,4,2,1,
17,b,6/27/2018,RUGR,S,3,2,1,
17,b,6/27/2018,RBGR,S,2,2,1,
17,b,6/27/2018,UPBD,S,0,3,1,
17,b,6/27/2018,COYE,S,1,4,1,
17,c,6/27/2018,RBGR,S,1,2,1,
17,c,6/27/2018,GRCA,S,2,2,1,
17,c,6/27/2018,VEER,S,0,3,1,
17,c,6/27/2018,VEER,S,0,2,1,
17,c,6/27/2018,CSWA,S,4,3,1,
17,c,6/27/2018,AMRE,S,0,2,1,
17,c,6/27/2018,COLO,S,4,4,1,
17,c,6/27/2018,ALFL,C,1,1,1,
17,c,6/27/2018,AMRO,S,3,1,1,
17,c,6/27/2018,NAWA,S,1,2,1,
17,c,6/27/2018,GWWA,D,3,2,1,
17,c,6/27/2018,CAWA,S,0,1,1,
17,c,6/27/2018,CSWA,S,0,2,1,
17,c,6/27/2018,CSWA,S,0,3,1,
17,c,6/27/2018,NAWA,S,2,3,1,
17,c,6/27/2018,COYE,S,1,3,1,
17,d,6/28/2018,AMRE,S,1,3,1,
17,d,6/28/2018,RBGR,S,0,2,1,
17,d,6/28/2018,REVI,S,0,2,1,
17,d,6/28/2018,UPBD,C,0,3,1,
17,d,6/28/2018,MOWA,S,0,4,1,
17,d,6/28/2018,YTVI,S,4,2,1,
17,d,6/28/2018,AMRE,S,0,3,1,
17,d,6/28/2018,OVEN,S,3,1,1,
17,d,6/28/2018,VEER,S,0,2,1,
17,d,6/28/2018,ALFL,C,0,2,1,
17,d,6/28/2018,OVEN,S,0,4,1,
17,d,6/28/2018,ALFL,S,3,2,1,
17,d,6/28/2018,COLO,C,3,2,1,
17,d,6/28/2018,CSWA,S,1,4,1,
17,d,6/28/2018,VEER,S,0,2,1,
17,d,6/28/2018,COYE,S,0,2,1,
17,d,6/28/2018,BWHA,S,0,1,1,
17,d,6/28/2018,NAWA,S,0,4,1,
17,d,6/28/2018,CSWA,S,0,1,1,
17,d,6/28/2018,GWWA,O,3,2,1,
18,a,6/25/2018,AMRE,C,0,2,1,
18,a,6/25/2018,MOWA,S,0,2,1,
18,a,6/25/2018,RBGR,S,0,1,1,
18,a,6/25/2018,UWAR,S,0,1,1,
18,a,6/25/2018,COYE,S,1,4,1,
18,a,6/25/2018,ALFL,D,0,2,1,
18,a,6/25/2018,BLJA,S,0,3,1,
18,a,6/25/2018,RUGR,S,0,3,1,
18,a,6/25/2018,GWWA,S,0,4,1,
18,a,6/25/2018,AMRE,S,1,2,1,
18,a,6/25/2018,CORA,S,2,3,1,
18,a,6/25/2018,NAWA,S,0,3,1,
18,b,6/25/2018,RBGR,S,3,4,1,
18,b,6/25/2018,BCCH,C,0,1,1,
18,b,6/25/2018,REVI,S,1,2,1,
18,b,6/25/2018,CSWA,C,0,3,1,
18,b,6/25/2018,NAWA,S,3,2,1,
18,b,6/25/2018,MOWA,S,0,3,1,
18,b,6/25/2018,BLJA,S,0,2,1,
18,b,6/25/2018,AMRO,S,4,2,1,
18,b,6/25/2018,CSWA,S,4,3,1,
18,b,6/25/2018,RBGR,C,2,3,1,
18,b,6/25/2018,OVEN,S,0,1,1,
18,b,6/25/2018,AMRE,S,3,4,1,
18,b,6/25/2018,REVI,S,0,2,1,
18,b,6/25/2018,MOWA,S,0,3,1,
18,c,6/25/2018,CSWA,S,4,3,1,
18,c,6/25/2018,RWBL,F,0,2,1,
18,c,6/25/2018,GWWA,S,1,4,1,
18,c,6/25/2018,NAWA,S,3,2,1,
18,c,6/25/2018,VEER,S,0,2,1,
18,c,6/25/2018,GRCA,S,0,2,1,
18,c,6/25/2018,BHCO,S,2,3,1,
18,c,6/25/2018,AMRE,C,0,4,1,
18,c,6/25/2018,RBGR,S,0,4,1,
18,c,6/25/2018,CORA,S,3,1,1,
18,c,6/25/2018,MAWA,S,0,3,1,
18,c,6/25/2018,NAWA,S,1,2,1,
18,c,6/25/2018,REVI,S,4,2,1,
18,c,6/25/2018,RWBL,S,2,2,1,
18,c,6/25/2018,REVI,S,4,2,1,
18,c,6/25/2018,NAWA,S,1,2,1,
18,c,6/25/2018,PUFI,S,0,1,1,
18,c,6/25/2018,REVI,S,1,1,1,
18,c,6/25/2018,SOSP,C,4,3,1,
18,d,6/25/2018,RBGR,S,0,2,1,
18,d,6/25/2018,CSWA,S,0,3,1,
18,d,6/25/2018,UPBD,S,4,3,1,
18,d,6/25/2018,GRCA,S,3,2,1,
18,d,6/25/2018,COYE,S,2,2,2,
18,d,6/25/2018,GRCA,C,3,1,1,
18,d,6/25/2018,REVI,S,2,4,1,
18,d,6/25/2018,UPBD,S,0,3,1,
18,d,6/25/2018,CCSP,S,0,2,1,
18,d,6/25/2018,CSWA,S,4,1,1,
18,d,6/25/2018,OVEN,S,4,2,5,
18,d,6/25/2018,OVEN,S,4,4,1,
18,d,6/25/2018,NAWA,S,0,2,1,
19,a,6/19/2018,CSWA,S,0,3,1,
19,a,6/19/2018,VEER,S,3,4,1,
19,a,6/19/2018,REVI,S,3,2,1,
19,a,6/19/2018,REVI,C,2,2,1,
19,a,6/19/2018,GWWA,S,0,4,1,
19,a,6/19/2018,GWWA,S,0,3,1,
19,a,6/19/2018,VEER,S,4,2,1,
19,a,6/19/2018,UPBD,S,4,2,1,
19,a,6/19/2018,BLJA,F,0,3,1,
19,a,6/19/2018,CAGO,D,4,4,68,
19,a,6/19/2018,NAWA,S,2,4,1,
19,a,6/19/2018,MOWA,S,2,1,1,
19,a,6/19/2018,REVI,S,4,2,1,
19,b,6/19/2018,BHCO,S,0,3,1,
19,b,6/19/2018,OVEN,C,0,1,1,
19,b,6/19/2018,COYE,S,0,3,1,
19,b,6/19/2018,OVEN,S,0,2,1,
19,b,6/19/2018,AMRO,C,4,2,1,
19,b,6/19/2018,AMRE,S,4,3,1,
19,b,6/19/2018,VEER,C,0,2,1,
19,b,6/19/2018,NAWA,S,0,2,1,
19,b,6/19/2018,AMRE,S,3,1,1,
19,b,6/19/2018,YWAR,S,0,4,1,
19,b,6/19/2018,ALFL,S,4,3,1,
19,b,6/19/2018,CSWA,S,0,3,1,
19,b,6/19/2018,UWAR,S,3,4,1,
19,b,6/19/2018,OVEN,S,3,4,1,
19,b,6/19/2018,UPBD,S,0,2,1,
19,c,6/19/2018,GRCA,S,1,3,1,
19,c,6/19/2018,CSWA,S,0,2,1,
19,c,6/19/2018,EAWP,S,0,3,1,
19,c,6/19/2018,NAWA,D,3,2,1,
19,c,6/19/2018,CSWA,S,3,2,1,
19,c,6/19/2018,CSWA,O,4,3,1,
19,c,6/19/2018,REVI,S,1,3,1,
19,c,6/19/2018,AMRE,S,0,4,1,
19,c,6/19/2018,RUGR,S,2,3,1,
19,c,6/19/2018,CSWA,S,3,4,1,
19,c,6/19/2018,ALFL,S,0,2,1,
19,c,6/19/2018,UWAR,D,3,3,1,
19,c,6/19/2018,OVEN,S,0,1,1,
19,d,6/19/2018,LEFL,S,4,1,1,
19,d,6/19/2018,CSWA,S,3,3,1,
19,d,6/19/2018,OVEN,O,1,2,1,
19,d,6/19/2018,CSWA,D,3,2,1,
19,d,6/19/2018,CSWA,S,1,2,1,
19,d,6/19/2018,MOWA,S,0,2,1,
19,d,6/19/2018,OVEN,S,0,3,1,
19,d,6/19/2018,REVI,S,4,3,1,
19,d,6/19/2018,CSWA,S,3,2,1,
19,d,6/19/2018,AMRO,S,0,2,1,
20,a,6/16/2018,GWWA,C,4,3,1,
20,a,6/16/2018,REVI,S,0,3,1,
20,a,6/16/2018,OVEN,S,4,4,1,
20,a,6/16/2018,CSWA,O,0,3,1,
20,a,6/16/2018,RBGR,S,1,3,1,
20,a,6/16/2018,REVI,S,1,3,1,
20,a,6/16/2018,OVEN,S,0,3,1,
20,a,6/16/2018,AMRE,S,0,4,1,
20,a,6/16/2018,SCTA,S,2,3,1,
20,a,6/16/2018,RBGR,S,0,2,1,
20,a,6/16/2018,OVEN,S,4,2,1,
20,a,6/16/2018,OVEN,S,0,4,1,
20,b,6/16/2018,PUFI,S,2,3,1,
20,b,6/16/2018,OVEN,S,4,1,1,
20,b,6/16/2018,CSWA,S,4,4,1,
20,b,6/16/2018,RBGR,S,1,3,1,
20,b,6/16/2018,OVEN,S,1,2,1,
20,b,6/16/2018,SOSP,S,2,1,1,
20,c,6/16/2018,NAWA,S,0,1,1,
20,c,6/16/2018,COYE,D,4,2,1,
20,c,6/16/2018,AMCR,F,3,1,1,
20,c,6/16/2018,UWPR,S,2,3,1,
20,c,6/16/2018,UWAR,S,2,2,1,
20,c,6/16/2018,CSWA,S,2,4,1,
20,c,6/16/2018,COYE,S,3,2,1,
20,c,6/16/2018,TEWA,S,3,3,1,
20,c,6/16/2018,BLJA,S,0,3,1,
20,c,6/16/2018,VEER,S,0,4,1,
20,c,6/16/2018,CSWA,S,0,4,1,
20,d,6/16/2018,REVI,O,0,3,1,
20,d,6/16/2018,CSWA,S,1,1,1,
20,d,6/16/2018,OVEN,D,0,1,1,
20,d,6/16/2018,BCCH,S,0,3,1,
20,d,6/16/2018,VEER,C,0,2,1,
20,d,6/16/2018,REVI,S,3,2,1,
20,d,6/16/2018,UWAR,S,0,2,1,
20,d,6/16/2018,RBNU,C,4,3,1,
20,d,6/16/2018,GWWA,S,0,1,1,
20,d,6/16/2018,VEER,S,0,3,1,
20,d,6/16/2018,OVEN,S,0,4,1,
20,d,6/16/2018,REVI,S,4,3,1,
20,d,6/16/2018,AMRE,S,0,1,1,
20,d,6/16/2018,VEER,S,2,1,1,
21,a,7/2/2018,RTHU,S,0,3,1,
21,a,7/2/2018,REVI,S,3,3,1,
21,a,7/2/2018,OVEN,C,0,3,1,
21,a,7/2/2018,OVEN,C,0,2,1,
21,a,7/2/2018,AMRE,S,0,2,1,
21,a,7/2/2018,VEER,S,0,2,1,
21,a,7/2/2018,CSWA,S,4,2,1,
21,a,7/2/2018,CMWA,S,0,2,1,
21,a,7/2/2018,CSWA,C,4,3,1,
21,a,7/2/2018,NAWA,S,0,4,1,
21,a,7/2/2018,REVI,O,0,1,1,
21,a,7/2/2018,NAWA,S,3,1,1,
21,a,7/2/2018,NAWA,S,3,4,1,
21,a,7/2/2018,CSWA,C,3,1,1,
21,a,7/2/2018,REVI,C,1,2,1,
21,a,7/2/2018,NAWA,S,1,2,1,
21,a,7/2/2018,GWWA,S,3,2,1,
21,a,7/2/2018,HETH,S,4,3,1,
21,b,7/2/2018,ALFL,S,0,2,1,
21,b,7/2/2018,OVEN,D,0,2,1,
21,b,7/2/2018,VEER,S,0,3,1,
21,b,7/2/2018,VEER,S,2,2,1,
21,b,7/2/2018,REVI,S,0,3,1,
21,b,7/2/2018,REVI,D,0,3,1,
21,b,7/2/2018,AMGO,C,0,3,1,
21,b,7/2/2018,RBGR,S,0,4,1,
21,b,7/2/2018,REVI,S,0,3,1,
21,b,7/2/2018,AMGO,S,0,3,1,
21,b,7/2/2018,OVEN,S,2,3,1,
21,c,7/2/2018,ALFL,S,0,2,1,
21,c,7/2/2018,CSWA,C,0,2,1,
21,c,7/2/2018,AMRE,S,0,3,1,
21,c,7/2/2018,OVEN,S,0,2,1,
21,c,7/2/2018,BLJA,S,0,4,1,
21,c,7/2/2018,ALFL,S,4,1,1,
21,c,7/2/2018,RBGR,S,0,3,1,
21,c,7/2/2018,WOTH,S,4,3,1,
21,c,7/2/2018,COYE,S,0,2,1,
21,c,7/2/2018,CSWA,S,0,3,1,
21,c,7/2/2018,CSWA,C,0,3,1,
21,c,7/2/2018,WTSP,S,3,3,1,
21,c,7/2/2018,AMRE,S,1,2,1,
21,c,7/2/2018,CAWA,C,4,3,1,
21,c,7/2/2018,SOSP,S,0,3,1,
21,d,7/2/2018,AMRE,S,1,3,1,
21,d,7/2/2018,NAWA,S,0,1,1,
21,d,7/2/2018,CSWA,S,2,4,1,
21,d,7/2/2018,REVI,S,2,3,1,
21,d,7/2/2018,NAWA,S,4,2,1,
21,d,7/2/2018,NAWA,C,0,4,1,
21,d,7/2/2018,REVI,C,3,1,1,
21,d,7/2/2018,OVEN,S,4,4,1,
21,d,7/2/2018,OVEN,S,3,3,1,
21,d,7/2/2018,CHSP,S,0,3,1,
21,d,7/2/2018,AMRE,S,2,4,1,
21,d,7/2/2018,WTSP,S,2,1,1,
21,d,7/2/2018,RUGR,C,2,4,1,
21,d,7/2/2018,SOSP,D,0,3,1,
22,a,6/23/2018,UPBD,S,0,4,1,
22,a,6/23/2018,CSWA,S,1,3,1,
22,a,6/23/2018,ALFL,S,2,1,1,
22,a,6/23/2018,RUGR,S,0,3,1,
22,a,6/23/2018,GRCA,S,4,2,1,
22,a,6/23/2018,CCSP,S,0,2,1,
22,a,6/23/2018,NAWA,C,1,1,1,
22,a,6/23/2018,VEER,C,0,2,1,
22,a,6/23/2018,VEER,S,2,3,1,
22,b,6/23/2018,AMRE,S,0,2,1,
22,b,6/23/2018,REVI,S,3,3,1,
22,b,6/23/2018,CSWA,S,1,2,1,
22,b,6/23/2018,OVEN,S,0,4,1,
22,b,6/23/2018,RBGR,S,2,3,1,
22,b,6/23/2018,CSWA,S,4,2,1,
22,b,6/23/2018,SWTH,S,0,3,1,
22,b,6/23/2018,OVEN,C,4,3,1,
22,b,6/23/2018,RUGR,S,4,3,1,
22,b,6/23/2018,CSWA,S,2,3,1,
22,b,6/23/2018,RBGR,S,2,3,1,
22,b,6/23/2018,AMRE,S,4,4,1,
22,c,6/24/2018,MODO,C,2,3,1,
22,c,6/24/2018,REVI,S,0,2,1,
22,c,6/24/2018,ALFL,S,4,1,1,
22,c,6/24/2018,CSWA,S,0,3,1,
22,c,6/24/2018,CSWA,S,4,3,1,
22,c,6/24/2018,LEFL,S,0,3,1,
22,c,6/24/2018,BLJA,S,4,3,1,
22,c,6/24/2018,VEER,S,0,4,1,
22,d,6/24/2018,AMCR,S,1,2,1,
22,d,6/24/2018,OVEN,S,0,2,1,
22,d,6/24/2018,NAWA,S,0,2,1,
22,d,6/24/2018,VEER,S,1,2,1,
22,d,6/24/2018,VEER,S,3,3,1,
22,d,6/24/2018,REVI,S,3,3,1,
22,d,6/24/2018,MOWA,S,3,2,1,
23,a,6/4/2018,GRCA,C,0,2,1,
23,a,6/4/2018,NAWA,S,0,1,1,
23,a,6/4/2018,LEFL,S,0,3,1,
23,a,6/4/2018,AMRE,S,0,2,1,
23,a,6/4/2018,UPBD,S,0,3,1,
23,a,6/4/2018,AMRE,S,0,2,1,
23,a,6/4/2018,COYE,S,4,4,1,
23,a,6/4/2018,RUGR,D,0,2,1,
23,a,6/4/2018,AMRE,C,0,3,1,
23,b,6/4/2018,VEER,S,0,1,1,
23,b,6/4/2018,OVEN,S,0,2,1,
23,b,6/4/2018,BCCH,S,0,1,1,
23,b,6/4/2018,AMRE,S,1,1,1,
23,b,6/4/2018,CSWA,S,0,3,1,
23,b,6/4/2018,WTSP,C,0,2,1,
23,b,6/4/2018,NAWA,S,2,1,1,
23,b,6/4/2018,MOWA,S,4,3,1,
23,b,6/4/2018,AMRO,S,1,1,1,
23,b,6/4/2018,ALFL,S,0,2,1,
23,b,6/4/2018,REVI,S,1,2,1,
23,b,6/4/2018,GWWA,C,4,2,1,
23,b,6/4/2018,REVI,S,0,2,1,
23,c,6/4/2018,VEER,S,3,4,1,
23,c,6/4/2018,AMRE,S,3,4,1,
23,c,6/4/2018,RBNU,S,0,2,1,
23,c,6/4/2018,AMRE,D,0,4,1,
23,c,6/4/2018,NAWA,S,0,4,1,
23,c,6/4/2018,CSWA,S,0,4,1,
23,c,6/4/2018,CSWA,S,0,4,1,
23,c,6/4/2018,REVI,S,3,2,1,
23,c,6/4/2018,ALFL,C,0,1,1,
23,c,6/4/2018,REVI,S,0,4,1,
23,c,6/4/2018,RUGR,S,1,2,1,
23,c,6/4/2018,UPBD,S,0,2,1,
23,c,6/4/2018,MOWA,S,0,2,1,
23,c,6/4/2018,RBGR,S,4,1,1,
23,d,6/5/2018,CSWA,C,3,2,1,
23,d,6/5/2018,RUGR,S,1,1,2,
23,d,6/5/2018,MOWA,S,1,4,1,
23,d,6/5/2018,AMGO,S,1,4,1,
23,d,6/5/2018,OVEN,S,4,3,1,
23,d,6/5/2018,OVEN,S,3,2,1,
23,d,6/5/2018,ULBD,S,1,2,1,
23,d,6/5/2018,PIWA,S,0,2,1,
23,d,6/5/2018,USBD,S,0,2,1,
23,d,6/5/2018,CSWA,S,0,4,1,
23,d,6/5/2018,EAWP,S,0,2,1,
23,d,6/5/2018,COYE,S,0,2,1,
23,d,6/5/2018,NAWA,S,4,4,1,
23,d,6/5/2018,GWWA,S,0,3,1,
23,d,6/5/2018,YSFL,S,0,4,1,
23,d,6/5/2018,GWWA,S,1,2,1,
23,d,6/5/2018,WTSP,S,4,2,1,
24,a,6/3/2018,VEER,S,1,4,1,
24,a,6/3/2018,AMRE,S,0,3,1,
24,a,6/3/2018,NAWA,D,2,2,1,
24,a,6/3/2018,CSWA,S,3,4,1,
24,a,6/3/2018,MOWA,D,1,2,1,
24,a,6/3/2018,CSWA,S,0,4,1,
24,a,6/3/2018,UWAR,S,2,2,1,
24,a,6/3/2018,VEER,S,0,1,1,
24,a,6/3/2018,CSWA,S,4,2,1,
24,a,6/3/2018,MOWA,S,0,4,1,
24,a,6/3/2018,ALFL,S,3,2,1,
24,a,6/3/2018,REVI,F,4,2,1,
24,a,6/3/2018,RBGR,S,0,2,1,
24,a,6/3/2018,AMRO,S,0,2,1,
24,b,6/3/2018,REVI,S,0,3,1,
24,b,6/3/2018,CSWA,S,1,4,1,
24,b,6/3/2018,AMRE,S,2,4,1,
24,b,6/3/2018,COYE,S,0,2,1,
24,b,6/3/2018,WBNU,S,0,1,1,
24,b,6/3/2018,REVI,S,1,3,1,
24,b,6/3/2018,UWPR,S,0,2,1,
24,b,6/3/2018,MOWA,S,3,3,1,
24,b,6/3/2018,WTSP,S,4,2,1,
24,b,6/3/2018,REVI,S,0,3,1,
24,b,6/3/2018,ALFL,D,0,2,1,
24,b,6/3/2018,REVI,S,3,4,1,
24,b,6/3/2018,WTSP,S,4,4,1,
24,c,6/4/2018,VEER,S,1,4,1,
24,c,6/4/2018,COYE,S,2,2,1,
24,c,6/4/2018,OVEN,S,3,3,1,
24,c,6/4/2018,OVEN,S,0,3,1,
24,c,6/4/2018,AMRE,S,0,1,1,
24,c,6/4/2018,RBGR,S,0,4,1,
24,c,6/4/2018,WOTH,S,0,1,1,
24,c,6/4/2018,OVEN,S,1,1,1,
24,c,6/4/2018,OVEN,S,1,3,1,
24,c,6/4/2018,RBNU,S,4,3,1,
24,c,6/4/2018,VEER,C,1,2,1,
24,c,6/4/2018,CSWA,S,0,1,1,
24,c,6/4/2018,ALFL,S,0,2,1,
24,c,6/4/2018,SOSP,S,0,2,1,
24,d,6/4/2018,GRCA,S,2,2,1,
24,d,6/4/2018,CSWA,C,0,3,1,
24,d,6/4/2018,LEFL,S,1,1,1,
24,d,6/4/2018,OVEN,F,0,3,1,
24,d,6/4/2018,RBGR,S,2,1,1,
24,d,6/4/2018,OVEN,S,0,2,1,
24,d,6/4/2018,AMRE,S,4,1,1,
24,d,6/4/2018,RUGR,S,4,1,1,
24,d,6/4/2018,AMRO,S,0,2,1,
24,d,6/4/2018,AMRE,C,0,1,1,
24,d,6/4/2018,OVEN,S,0,4,1,
24,d,6/4/2018,CSWA,S,4,3,1,
24,d,6/4/2018,CSWA,C,1,3,1,
24,d,6/4/2018,COYE,S,0,2,1,
24,d,6/4/2018,AMRE,S,1,2,1,
25,a,6/21/2018,ALFL,C,3,3,1,
25,a,6/21/2018,RBGR,C,0,2,1,
25,a,6/21/2018,CAWA,S,0,2,1,
25,a,6/21/2018,RWBL,S,1,2,1,
25,a,6/21/2018,SOSP,S,2,2,1,
25,a,6/21/2018,CSWA,S,0,3,1,
25,a,6/21/2018,BCCH,S,4,1,1,
25,a,6/21/2018,AMRE,S,0,2,1,
25,a,6/21/2018,REVI,S,0,3,1,
25,a,6/21/2018,REVI,S,0,1,1,
25,b,6/21/2018,SCTA,S,1,3,1,
25,b,6/21/2018,CSWA,S,1,1,1,
25,b,6/21/2018,GWWA,C,2,3,1,
25,b,6/21/2018,REVI,S,0,1,1,
25,b,6/21/2018,CSWA,S,3,3,1,
25,b,6/21/2018,OVEN,C,0,3,1,
25,b,6/21/2018,RUGR,C,0,2,1,
25,b,6/21/2018,GWWA,S,1,4,1,
25,b,6/21/2018,AMCR,S,0,2,1,
25,b,6/21/2018,VEER,S,0,2,1,
25,b,6/21/2018,NAWA,C,0,1,1,
25,b,6/21/2018,ALFL,S,0,1,1,
25,b,6/21/2018,USPA,S,3,3,1,
25,c,6/21/2018,GWWA,S,2,2,1,
25,c,6/21/2018,REVI,S,2,3,1,
25,c,6/21/2018,NAWA,C,3,2,1,
25,c,6/21/2018,REVI,S,2,3,1,
25,c,6/21/2018,CSWA,S,0,4,1,
25,c,6/21/2018,RBGR,S,2,4,1,
25,c,6/21/2018,CSWA,S,0,4,1,
25,c,6/21/2018,NAWA,S,0,3,1,
25,c,6/21/2018,NAWA,S,0,1,1,
25,c,6/21/2018,AMRE,S,0,2,1,
25,c,6/21/2018,VEER,S,0,3,1,
25,c,6/21/2018,CSWA,S,4,1,1,
25,c,6/21/2018,VEER,S,4,3,1,
25,c,6/21/2018,CSWA,S,0,1,1,
25,d,6/21/2018,RUGR,S,0,2,1,
25,d,6/21/2018,AMRE,O,0,1,1,
25,d,6/21/2018,ALFL,C,0,3,1,
25,d,6/21/2018,CORA,S,0,2,1,
25,d,6/21/2018,UPBD,S,0,1,1,
25,d,6/21/2018,REVI,S,0,2,1,
25,d,6/21/2018,GWWA,C,0,2,1,
25,d,6/21/2018,AMCR,S,0,4,1,
25,d,6/21/2018,NAWA,S,0,2,1,
25,d,6/21/2018,AMRE,C,3,2,1,
25,d,6/21/2018,OVEN,S,0,2,1,
25,d,6/21/2018,WTSP,S,0,3,1,
26,a,7/1/2018,REVI,S,0,2,1,
26,a,7/1/2018,OVEN,S,4,1,1,
26,a,7/1/2018,UPBD,S,0,2,1,
26,a,7/1/2018,BLJA,S,3,2,1,
26,a,7/1/2018,GWWA,S,0,4,1,
26,a,7/1/2018,UPBD,S,0,2,1,
26,a,7/1/2018,NAWA,C,0,4,1,
26,a,7/1/2018,VEER,S,0,2,1,
26,a,7/1/2018,CSWA,S,0,3,1,
26,a,7/1/2018,AMRE,S,0,1,1,
26,a,7/1/2018,MOWA,S,4,3,1,
26,a,7/1/2018,GCFL,S,0,3,1,
26,a,7/1/2018,NAWA,S,0,2,1,
26,b,7/1/2018,NAWA,S,0,4,1,
26,b,7/1/2018,CSWA,C,4,3,1,
26,b,7/1/2018,BRTH,S,1,1,1,
26,b,7/1/2018,GWWA,S,0,2,1,
26,b,7/1/2018,ALFL,C,2,1,1,
26,b,7/1/2018,NAWA,S,0,3,1,
26,b,7/1/2018,WTSP,S,4,2,1,
26,b,7/1/2018,CSWA,S,2,4,1,
26,b,7/1/2018,OVEN,S,0,2,1,
26,b,7/1/2018,ALFL,S,1,1,1,
26,b,7/1/2018,AMRE,S,0,2,1,
26,b,7/1/2018,VEER,S,3,3,1,
26,c,7/1/2018,CAGO,C,1,3,1,
26,c,7/1/2018,BHCO,S,3,3,1,
26,c,7/1/2018,CSWA,S,0,2,1,
26,c,7/1/2018,VEER,S,0,4,1,
26,c,7/1/2018,REVI,S,4,3,1,
26,c,7/1/2018,CORA,S,0,4,1,
26,c,7/1/2018,OVEN,S,3,2,1,
26,c,7/1/2018,UPBD,S,0,3,1,
26,c,7/1/2018,CAGO,S,0,1,1,
26,c,7/1/2018,COYE,S,0,4,1,
26,c,7/1/2018,REVI,S,0,1,1,
26,c,7/1/2018,CSWA,S,0,2,1,
26,c,7/1/2018,RUGR,S,0,2,1,
26,c,7/1/2018,NAWA,S,4,3,1,
26,d,7/1/2018,WOTH,D,0,1,1,
26,d,7/1/2018,VEER,C,0,4,1,
26,d,7/1/2018,OVEN,S,0,4,1,
26,d,7/1/2018,VEER,S,3,2,1,
26,d,7/1/2018,PUFI,S,0,4,1,
26,d,7/1/2018,VEER,S,3,4,1,
26,d,7/1/2018,OVEN,S,0,3,1,
26,d,7/1/2018,NAWA,S,1,3,1,
26,d,7/1/2018,REVI,S,0,2,1,
26,d,7/1/2018,CSWA,S,4,2,1,
26,d,7/1/2018,BEKI,S,0,3,1,
27,a,6/10/2018,CSWA,S,0,3,1,
27,a,6/10/2018,VEER,S,3,3,1,
27,a,6/10/2018,REVI,S,0,3,1,
27,a,6/10/2018,UPBD,S,1,1,1,
27,a,6/10/2018,VEER,D,0,2,1,
27,a,6/10/2018,CCSP,S,2,2,1,
27,a,6/10/2018,WTSP,C,0,2,1,
27,b,6/10/2018,OVEN,S,1,4,1,
27,b,6/10/2018,NAWA,S,0,2,1,
27,b,6/10/2018,AMRE,S,0,2,1,
27,b,6/10/2018,BLJA,S,2,2,1,
27,b,6/10/2018,OVEN,F,0,1,1,
27,b,6/10/2018,RBGR,C,4,4,1,
27,b,6/10/2018,NAWA,S,0,2,1,
27,b,6/10/2018,CSWA,C,2,2,1,
27,b,6/10/2018,AMRE,C,0,2,1,
27,b,6/10/2018,CSWA,S,3,2,1,
27,b,6/10/2018,OVEN,C,0,3,1,
27,c,6/11/2018,VEER,S,0,3,1,
27,c,6/11/2018,AMGO,C,0,3,1,
27,c,6/11/2018,AMRE,S,4,2,1,
27,c,6/11/2018,MOWA,S,0,2,1,
27,c,6/11/2018,BLJA,S,0,2,1,
27,c,6/11/2018,INBU,S,4,1,1,
27,c,6/11/2018,NAWA,S,3,4,1,
27,c,6/11/2018,AMRO,S,3,4,1,
27,c,6/11/2018,AMGO,S,0,4,1,
27,c,6/11/2018,REVI,S,0,2,1,
27,c,6/11/2018,CSWA,S,0,4,1,
27,c,6/11/2018,OVEN,S,4,4,1,
27,d,6/11/2018,RBGR,S,4,4,1,
27,d,6/11/2018,INBU,S,4,1,1,
27,d,6/11/2018,AMCR,S,4,3,1,
27,d,6/11/2018,UWAR,S,0,3,1,
27,d,6/11/2018,TEWA,S,0,2,1,
27,d,6/11/2018,RUGR,S,3,1,1,
27,d,6/11/2018,WTSP,C,0,3,1,
27,d,6/11/2018,CSWA,S,2,3,1,
27,d,6/11/2018,COYE,C,0,2,1,
27,d,6/11/2018,OVEN,S,3,1,1,
27,d,6/11/2018,BLJA,S,2,4,1,
28,a,6/30/2018,RBGR,C,0,2,1,
28,a,6/30/2018,GWWA,S,2,3,1,
28,a,6/30/2018,GWWA,C,2,4,1,
28,a,6/30/2018,NAWA,S,0,2,1,
28,a,6/30/2018,RBGR,S,0,1,1,
28,a,6/30/2018,GWWA,S,1,2,1,
28,a,6/30/2018,NAWA,S,4,2,1,
28,a,6/30/2018,COYE,S,0,2,1,
28,a,6/30/2018,CSWA,C,0,4,1,
28,a,6/30/2018,MOWA,S,0,3,1,
28,a,6/30/2018,RBGR,S,3,3,1,
28,a,6/30/2018,VEER,S,0,4,1,
28,a,6/30/2018,NAWA,S,0,2,1,
28,b,6/30/2018,CEDW,C,0,3,1,
28,b,6/30/2018,REVI,S,0,2,1,
28,b,6/30/2018,BLJA,C,0,3,1,
28,b,6/30/2018,WOTH,S,4,2,1,
28,b,6/30/2018,OVEN,S,2,3,1,
28,b,6/30/2018,OVEN,S,0,3,1,
28,b,6/30/2018,EAWP,S,4,2,1,
28,b,6/30/2018,AMRE,S,0,1,1,
28,b,6/30/2018,GRCA,D,3,4,1,
28,b,6/30/2018,RBGR,S,0,3,1,
28,b,6/30/2018,BLJA,C,0,3,1,
28,b,6/30/2018,SOSP,S,3,3,1,
28,b,6/30/2018,GWWA,C,4,2,1,
28,c,6/30/2018,BHCO,S,2,3,1,
28,c,6/30/2018,CSWA,S,0,1,1,
28,c,6/30/2018,OVEN,C,0,3,1,
28,c,6/30/2018,USBD,S,0,2,1,
28,c,6/30/2018,AMRE,D,0,2,1,
28,c,6/30/2018,REVI,S,0,4,1,
28,c,6/30/2018,CSWA,S,0,3,1,
28,c,6/30/2018,AMRE,S,1,2,1,
28,c,6/30/2018,REVI,S,0,3,1,
28,d,6/30/2018,UPBD,S,0,1,1,
28,d,6/30/2018,AMRE,C,4,3,1,
28,d,6/30/2018,REVI,S,0,3,1,
28,d,6/30/2018,VEER,S,0,2,1,
28,d,6/30/2018,BHCO,S,0,4,1,
28,d,6/30/2018,GWWA,S,0,2,1,
28,d,6/30/2018,RBGR,S,1,1,1,
28,d,6/30/2018,YBSA,S,4,4,1,
28,d,6/30/2018,GRCA,S,2,2,1,
28,d,6/30/2018,OVEN,S,0,4,1,
28,d,6/30/2018,GWWA,S,4,4,1,
29,a,6/29/2018,ALFL,S,0,3,1,
29,a,6/29/2018,SCTA,C,3,3,1,
29,a,6/29/2018,OVEN,S,0,3,1,
29,a,6/29/2018,VEER,S,0,2,1,
29,a,6/29/2018,GWWA,S,1,1,1,
29,a,6/29/2018,RBGR,S,0,2,1,
29,a,6/29/2018,RBGR,S,2,2,1,
29,a,6/29/2018,AMRE,C,0,4,1,
29,a,6/29/2018,CSWA,S,0,2,1,
29,a,6/29/2018,CSWA,S,0,1,1,
29,a,6/29/2018,CSWA,S,4,3,1,
29,a,6/29/2018,CSWA,S,0,3,1,
29,a,6/29/2018,AMRE,S,4,3,1,
29,a,6/29/2018,OVEN,S,0,4,1,
29,a,6/29/2018,RUGR,S,2,2,1,
29,a,6/29/2018,SOSP,S,1,2,1,
29,a,6/29/2018,VEER,S,2,2,1,
29,a,6/29/2018,CSWA,S,2,2,1,
29,b,6/29/2018,RBGR,S,2,3,1,
29,b,6/29/2018,GWWA,C,0,3,1,
29,b,6/29/2018,BCCH,D,0,1,1,
29,b,6/29/2018,AMRE,S,0,3,1,
29,b,6/29/2018,UWAR,S,0,2,1,
29,b,6/29/2018,OVEN,S,0,2,1,
29,b,6/29/2018,REVI,C,2,4,1,
29,b,6/29/2018,ALFL,S,4,2,1,
29,b,6/29/2018,GWWA,S,0,3,1,
29,b,6/29/2018,OVEN,S,2,1,1,
29,c,6/29/2018,INBU,C,3,1,1,
29,c,6/29/2018,BHCO,S,0,2,1,
29,c,6/29/2018,BHCO,S,1,2,1,
29,c,6/29/2018,AMRE,S,0,2,1,
29,c,6/29/2018,VEER,S,0,2,1,
29,c,6/29/2018,BCCH,S,0,2,1,
29,c,6/29/2018,BAWW,S,0,1,2,
29,c,6/29/2018,AMRE,S,4,3,1,
29,c,6/29/2018,BBCU,S,0,2,1,
29,c,6/29/2018,MOWA,S,0,2,1,
29,c,6/29/2018,OVEN,S,0,2,1,
29,c,6/29/2018,RBGR,S,0,4,1,
29,c,6/29/2018,BAWW,S,3,2,1,
29,c,6/29/2018,MOWA,S,4,3,1,
29,c,6/29/2018,UWAR,S,1,3,1,
29,c,6/29/2018,VEER,S,3,2,1,
29,d,6/29/2018,AMRE,S,0,2,1,
29,d,6/29/2018,VEER,S,0,2,1,
29,d,6/29/2018,VEER,S,0,2,1,
29,d,6/29/2018,BBCU,D,4,2,1,
29,d,6/29/2018,CSWA,C,4,2,1,
29,d,6/29/2018,VEER,S,0,4,1,
29,d,6/29/2018,REVI,S,3,2,1,
29,d,6/29/2018,CSWA,S,0,2,1,
29,d,6/29/2018,NAWA,S,0,3,1,
29,d,6/29/2018,WTSP,C,4,3,1,
29,d,6/29/2018,HETH,S,0,1,1,
29,d,6/29/2018,SOSP,S,3,2,1,
30,a,6/3/2018,AMCR,S,1,3,1,
30,a,6/3/2018,RECR,S,1,2,1,
30,a,6/3/2018,CSWA,S,0,2,1,
30,a,6/3/2018,SCTA,C,0,1,1,
30,a,6/3/2018,YTVI,D,0,2,1,
30,a,6/3/2018,VEER,S,0,4,1,
30,a,6/3/2018,REVI,C,0,2,1,
30,a,6/3/2018,AMRE,C,2,4,1,
30,a,6/3/2018,AMCR,S,2,2,1,
30,a,6/3/2018,CHSP,S,1,3,1,
30,a,6/3/2018,BLJA,S,2,2,1,
30,a,6/3/2018,AMRO,S,0,1,1,
30,a,6/3/2018,LEFL,S,2,1,1,
30,a,6/3/2018,NOPA,C,0,2,1,
30,a,6/3/2018,NAWA,S,4,4,1,
30,a,6/3/2018,NAWA,S,0,2,1,
30,a,6/3/2018,OVEN,S,4,3,1,
30,a,6/3/2018,CSWA,S,0,3,1,
30,b,6/3/2018,SWSP,S,0,2,1,
30,b,6/3/2018,VEER,S,1,2,1,
30,b,6/3/2018,PIWA,S,3,2,1,
30,b,6/3/2018,RBGR,S,0,2,1,
30,b,6/3/2018,UPBD,S,0,3,1,
30,b,6/3/2018,GWWA,S,0,3,1,
30,b,6/3/2018,VEER,C,4,3,1,
30,b,6/3/2018,NOWA,S,0,4,1,
30,b,6/3/2018,WIWR,S,0,3,1,
30,b,6/3/2018,REVI,S,3,1,1,
30,b,6/3/2018,BBCU,S,0,3,1,
30,b,6/3/2018,CSWA,S,4,4,1,
30,b,6/3/2018,VEER,O,0,3,1,
30,b,6/3/2018,VEER,S,3,4,2,
30,b,6/3/2018,SOSP,S,0,2,3,
30,c,6/3/2018,UPBD,S,2,3,1,
30,c,6/3/2018,YWAR,D,0,2,1,
30,c,6/3/2018,CAWA,S,0,3,1,
30,c,6/3/2018,YWAR,S,0,4,1,
30,c,6/3/2018,PIWA,S,2,4,1,
30,c,6/3/2018,ALFL,C,0,3,1,
30,c,6/3/2018,CSWA,S,0,1,1,
30,c,6/3/2018,REVI,S,0,2,2,
30,c,6/3/2018,TEWA,S,1,3,1,
30,c,6/3/2018,VEER,S,0,2,1,
30,c,6/3/2018,VEER,S,3,2,1,
30,d,6/3/2018,AMRE,C,1,2,1,
30,d,6/3/2018,REVI,S,3,2,1,
30,d,6/3/2018,REVI,S,1,4,1,
30,d,6/3/2018,SCTA,S,0,3,1,
30,d,6/3/2018,GWWA,C,3,3,1,
30,d,6/3/2018,OVEN,S,0,3,1,
30,d,6/3/2018,OVEN,S,0,2,1,
30,d,6/3/2018,RBNU,C,3,3,1,
30,d,6/3/2018,MAWA,C,0,4,1,
30,d,6/3/2018,CSWA,S,0,1,2,
31,a,6/7/2018,CSWA,S,4,3,1,
31,a,6/7/2018,AMCR,S,2,1,1,
31,a,6/7/2018,BLJA,S,0,4,1,
31,a,6/7/2018,REVI,C,0,4,1,
31,a,6/7/2018,REVI,S,0,2,1,
31,a,6/7/2018,OVEN,S,3,1,1,
31,a,6/7/2018,GRCA,S,2,4,1,
31,a,6/7/2018,AMRE,S,0,3,1,
31,a,6/7/2018,UPBD,S,4,3,1,
31,a,6/7/2018,OVEN,C,1,3,1,
31,a,6/7/2018,NAWA,S,2,4,1,
31,a,6/7/2018,CSWA,S,0,2,1,
31,a,6/7/2018,RUGR,S,1,3,1,
31,b,6/7/2018,ALFL,S,3,2,1,
31,b,6/7/2018,CSWA,S,2,4,1,
31,b,6/7/2018,MOWA,S,0,2,1,
31,b,6/7/2018,OVEN,S,4,3,1,
31,b,6/7/2018,RBGR,S,0,1,1,
31,b,6/7/2018,SCTA,S,4,3,1,
31,b,6/7/2018,AMRE,S,3,4,1,
31,b,6/7/2018,REVI,S,3,2,1,
31,b,6/7/2018,GWWA,S,0,2,1,
31,b,6/7/2018,NAWA,S,2,2,1,
31,c,6/7/2018,UPBD,S,2,3,1,
31,c,6/7/2018,OVEN,C,0,3,1,
31,c,6/7/2018,REVI,S,0,3,1,
31,c,6/7/2018,AMRE,S,0,2,1,
31,c,6/7/2018,NAWA,S,3,1,1,
31,c,6/7/2018,NAWA,S,0,2,1,
31,c,6/7/2018,USPA,C,0,4,1,
31,c,6/7/2018,CSWA,S,4,4,1,
31,d,6/7/2018,NAWA,C,0,3,1,
31,d,6/7/2018,BLJA,S,2,1,1,
31,d,6/7/2018,UPBD,S,1,2,1,
31,d,6/7/2018,OVEN,S,0,2,1,
31,d,6/7/2018,EATO,S,2,3,1,
31,d,6/7/2018,ALFL,S,1,4,1,
31,d,6/7/2018,NAWA,S,0,2,1,
31,d,6/7/2018,OVEN,S,2,3,1,
31,d,6/7/2018,CSWA,S,4,4,1,
31,d,6/7/2018,CSWA,S,2,4,1,
32,a,6/21/2018,GRCA,S,2,3,1,
32,a,6/21/2018,BAOR,S,0,3,1,
32,a,6/21/2018,YWAR,S,0,2,1,
32,a,6/21/2018,CSWA,C,1,2,1,
32,a,6/21/2018,BLJA,S,0,1,1,
32,a,6/21/2018,CSWA,S,0,3,1,
32,a,6/21/2018,NAWA,S,4,4,1,
32,a,6/21/2018,AMRE,S,0,2,1,
32,a,6/21/2018,COYE,C,0,2,1,
32,a,6/21/2018,VEER,S,2,1,1,
32,a,6/21/2018,NAWA,S,0,2,1,
32,a,6/21/2018,VEER,S,0,4,1,
32,a,6/21/2018,ALFL,C,4,2,1,
32,a,6/21/2018,OVEN,S,0,4,1,
32,b,6/21/2018,BAWW,S,0,2,1,
32,b,6/21/2018,CSWA,C,1,2,1,
32,b,6/21/2018,BCCH,S,0,2,1,
32,b,6/21/2018,UPBD,S,0,2,1,
32,b,6/21/2018,REVI,S,4,3,1,
32,b,6/21/2018,COYE,S,0,1,1,
32,b,6/21/2018,CCSP,S,0,1,1,
32,b,6/21/2018,NAWA,S,4,1,1,
32,b,6/21/2018,AMRE,D,4,2,1,
32,c,6/21/2018,CSWA,C,0,3,1,
32,c,6/21/2018,BAWW,S,0,3,1,
32,c,6/21/2018,VEER,S,0,2,1,
32,c,6/21/2018,OVEN,S,3,2,1,
32,c,6/21/2018,VEER,S,3,2,1,
32,c,6/21/2018,YSFL,S,0,3,1,
32,c,6/21/2018,NAWA,S,2,1,1,
32,c,6/21/2018,GWWA,S,0,1,1,
32,c,6/21/2018,OVEN,S,1,1,1,
32,c,6/21/2018,REVI,S,0,3,1,
32,d,6/21/2018,AMRE,S,2,3,1,
32,d,6/21/2018,CSWA,S,4,1,1,
32,d,6/21/2018,COYE,S,0,4,1,
32,d,6/21/2018,NAWA,S,4,3,1,
32,d,6/21/2018,BLJA,S,4,1,1,
32,d,6/21/2018,RUGR,C,0,4,1,
32,d,6/21/2018,CSWA,S,0,3,1,
32,d,6/21/2018,COYE,S,0,2,1,
33,a,5/28/2018,GWWA,S,3,4,1,
33,a,5/28/2018,UWPR,D,2,2,1,
33,a,5/28/2018,CSWA,S,0,4,1,
33,a,5/28/2018,COYE,S,0,2,1,
33,a,5/28/2018,PIWO,C,2,2,1,
33,a,5/28/2018,BTNW,S,0,2,1,
33,a,5/28/2018,AMRE,S,0,1,1,
33,a,5/28/2018,BLJA,D,0,1,1,
33,a,5/28/2018,CSWA,S,4,1,1,
33,a,5/28/2018,GWWA,C,3,3,1,
33,a,5/28/2018,CSWA,S,0,3,1,
33,b,5/28/2018,CSWA,S,4,1,1,
33,b,5/28/2018,OVEN,S,2,2,1,
33,b,5/28/2018,COYE,S,2,2,1,
33,b,5/28/2018,OVEN,S,0,1,1,
33,b,5/28/2018,OVEN,S,4,4,1,
33,b,5/28/2018,CSWA,S,0,2,1,
33,b,5/28/2018,OVEN,S,4,2,1,
33,b,5/28/2018,OVEN,S,0,1,3,
33,b,5/28/2018,OVEN,S,0,3,1,
33,b,5/28/2018,RUGR,S,0,2,1,
33,b,5/28/2018,CSWA,C,0,2,1,
33,b,5/28/2018,RBNU,S,0,3,1,
33,c,5/28/2018,CSWA,S,0,4,1,
33,c,5/28/2018,VEER,S,3,2,1,
33,c,5/28/2018,BCCH,S,0,3,1,
33,c,5/28/2018,INBU,S,0,4,1,
33,c,5/28/2018,AMRE,S,0,4,1,
33,c,5/28/2018,YSFL,C,1,2,1,
33,c,5/28/2018,UPBD,S,3,2,1,
33,c,5/28/2018,RUGR,C,3,3,1,
33,c,5/28/2018,PIWA,S,0,1,1,
33,c,5/28/2018,AMRO,C,4,2,1,
33,c,5/28/2018,TEWA,S,2,3,1,
33,c,5/28/2018,CSWA,S,2,3,1,
33,d,5/29/2018,VEER,S,4,2,1,
33,d,5/29/2018,VEER,S,0,1,1,
33,d,5/29/2018,CSWA,S,4,1,1,
33,d,5/29/2018,ALFL,S,1,4,1,
33,d,5/29/2018,ALFL,S,0,3,1,
33,d,5/29/2018,WPWA,S,0,1,1,
33,d,5/29/2018,REVI,S,0,2,1,
33,d,5/29/2018,CSWA,S,0,2,1,
33,d,5/29/2018,AMRE,S,1,4,1,
33,d,5/29/2018,REVI,S,0,3,1,
34,a,6/17/2018,CSWA,S,0,2,1,
34,a,6/17/2018,OVEN,S,0,2,2,
34,a,6/17/2018,OVEN,S,0,3,1,
34,a,6/17/2018,VEER,S,1,2,1,
34,a,6/17/2018,COYE,S,0,3,1,
34,a,6/17/2018,MOWA,S,0,3,1,
34,a,6/17/2018,NAWA,S,4,1,1,
34,a,6/17/2018,ALFL,S,0,2,1,
34,a,6/17/2018,VEER,S,2,2,1,
34,a,6/17/2018,NAWA,S,4,4,1,
34,a,6/17/2018,BLJA,C,1,1,1,
34,b,6/17/2018,LEFL,C,4,1,1,
34,b,6/17/2018,BHVI,C,3,3,1,
34,b,6/17/2018,CSWA,S,3,3,1,
34,b,6/17/2018,RBGR,S,0,2,1,
34,b,6/17/2018,REVI,S,0,4,1,
34,b,6/17/2018,WTSP,S,0,2,1,
34,b,6/17/2018,AMRO,S,0,2,1,
34,b,6/17/2018,RBGR,S,2,2,1,
34,b,6/17/2018,AMRO,C,2,2,1,
34,b,6/17/2018,UWAR,S,3,2,1,
34,b,6/17/2018,GWWA,S,3,2,1,
34,c,6/17/2018,CSWA,S,2,3,1,
34,c,6/17/2018,CSWA,S,1,3,1,
34,c,6/17/2018,GWWA,S,2,3,1,
34,c,6/17/2018,CSWA,S,0,3,1,
34,c,6/17/2018,GRCA,S,3,2,1,
34,c,6/17/2018,AMCR,S,4,2,1,
34,c,6/17/2018,AMRE,S,1,2,1,
34,c,6/17/2018,RBGR,S,1,3,1,
34,c,6/17/2018,COYE,C,0,2,1,
34,c,6/17/2018,WOTH,S,2,2,1,
34,c,6/17/2018,BLJA,S,0,3,1,
34,c,6/17/2018,GWWA,S,1,4,1,
34,c,6/17/2018,WTSP,S,0,2,1,
34,c,6/17/2018,UPBD,S,0,2,1,
34,c,6/17/2018,WTSP,S,4,1,1,
34,d,6/18/2018,BLJA,S,0,2,1,
34,d,6/18/2018,AMRE,O,2,1,1,
34,d,6/18/2018,OVEN,S,0,2,1,
34,d,6/18/2018,AMRE,S,0,2,1,
34,d,6/18/2018,COYE,S,0,4,1,
34,d,6/18/2018,AMGO,S,4,4,1,
34,d,6/18/2018,VEER,S,0,1,1,
34,d,6/18/2018,OVEN,S,2,2,1,
34,d,6/18/2018,CSWA,S,0,3,1,
34,d,6/18/2018,AMRE,S,0,4,1,
34,d,6/18/2018,RUGR,O,2,3,2,
35,a,7/2/2018,CSWA,S,0,2,1,
35,a,7/2/2018,REVI,S,4,2,1,
35,a,7/2/2018,AMRE,S,4,3,1,
35,a,7/2/2018,RECR,S,4,4,1,
35,a,7/2/2018,ALFL,S,0,1,1,
35,a,7/2/2018,CAGO,S,0,2,1,
35,a,7/2/2018,REVI,C,0,2,1,
35,a,7/2/2018,RBGR,S,0,1,1,
35,a,7/2/2018,AMRO,S,0,2,1,
35,a,7/2/2018,BWWA,S,0,2,1,
35,a,7/2/2018,MOWA,S,4,4,1,
35,a,7/2/2018,GRCA,S,0,1,1,
35,b,7/2/2018,BBCU,C,0,4,1,
35,b,7/2/2018,VEER,S,4,2,1,
35,b,7/2/2018,REVI,S,4,2,1,
35,b,7/2/2018,UPBD,O,0,2,1,
35,b,7/2/2018,RUGR,S,1,2,2,
35,b,7/2/2018,REVI,S,0,3,1,
35,b,7/2/2018,YBSA,S,4,2,1,
35,b,7/2/2018,GWWA,S,2,3,1,
35,b,7/2/2018,WTSP,S,2,2,1,
35,b,7/2/2018,AMRE,S,2,3,1,
35,b,7/2/2018,HAWO,S,1,1,1,
35,c,7/2/2018,GWWA,S,0,2,1,
35,c,7/2/2018,AMRE,S,0,3,1,
35,c,7/2/2018,NAWA,C,0,2,1,
35,c,7/2/2018,CSWA,S,0,2,1,
35,c,7/2/2018,REVI,S,0,1,1,
35,c,7/2/2018,VEER,S,1,2,1,
35,c,7/2/2018,GWWA,S,0,3,1,
35,c,7/2/2018,VEER,S,4,4,1,
35,c,7/2/2018,CSWA,C,0,1,1,
35,c,7/2/2018,OVEN,S,0,3,1,
35,c,7/2/2018,AMRE,S,0,3,1,
35,c,7/2/2018,OVEN,S,4,3,1,
35,c,7/2/2018,VEER,C,2,2,1,
35,d,7/2/2018,YWAR,S,4,3,1,
35,d,7/2/2018,AMRE,S,4,2,1,
35,d,7/2/2018,VEER,S,4,3,1,
35,d,7/2/2018,EAWP,S,0,2,1,
35,d,7/2/2018,LEFL,S,0,3,1,
35,d,7/2/2018,AMRE,S,0,2,1,
35,d,7/2/2018,OVEN,C,0,2,1,
35,d,7/2/2018,CSWA,S,0,2,1,
35,d,7/2/2018,CORA,S,0,4,1,
35,d,7/2/2018,NAWA,S,2,2,1,
35,d,7/2/2018,BAWW,C,3,3,1,
36,a,5/29/2018,VEER,S,0,3,1,
36,a,5/29/2018,VEER,S,3,4,1,
36,a,5/29/2018,UWAR,S,0,3,1,
36,a,5/29/2018,VEER,S,0,2,1,
36,a,5/29/2018,REVI,C,0,3,1,
36,a,5/29/2018,CSWA,S,0,2,1,
36,b,5/29/2018,BLJA,C,4,3,1,
36,b,5/29/2018,REVI,D,4,2,1,
36,b,5/29/2018,PIWA,O,0,2,1,
36,b,5/29/2018,AMRO,S,0,2,1,
36,b,5/29/2018,CSWA,S,0,3,1,
36,b,5/29/2018,VEER,S,0,4,1,
36,b,5/29/2018,RUGR,S,0,3,1,
36,b,5/29/2018,CSWA,S,2,3,1,
36,b,5/29/2018,OVEN,S,0,2,1,
36,b,5/29/2018,REVI,S,1,4,1,
36,b,5/29/2018,VEER,S,0,3,1,
36,b,5/29/2018,BCCH,C,2,4,1,
36,b,5/29/2018,RBGR,C,3,3,1,
36,b,5/29/2018,ALFL,S,1,4,1,
36,c,5/30/2018,UPBD,S,0,3,1,
36,c,5/30/2018,PUFI,S,0,3,1,
36,c,5/30/2018,OVEN,S,0,3,1,
36,c,5/30/2018,UPBD,S,0,4,1,
36,c,5/30/2018,OVEN,S,0,1,1,
36,c,5/30/2018,CSWA,S,1,2,1,
36,c,5/30/2018,SOSP,D,0,3,1,
36,c,5/30/2018,VEER,S,0,2,1,
36,c,5/30/2018,RUGR,S,2,2,1,
36,c,5/30/2018,NAWA,S,0,3,1,
36,c,5/30/2018,GWWA,S,4,1,1,
36,d,5/30/2018,NAWA,S,0,2,1,
36,d,5/30/2018,VEER,S,3,2,1,
36,d,5/30/2018,CSWA,S,0,1,1,
36,d,5/30/2018,UWAR,S,0,2,1,
36,d,5/30/2018,AMGO,S,0,2,1,
36,d,5/30/2018,EATO,S,0,3,1,
36,d,5/30/2018,CSWA,S,0,3,1,
37,a,6/2/2018,AMRE,S,2,2,1,
37,a,6/2/2018,VEER,S,3,2,1,
37,a,6/2/2018,BAWW,O,4,1,1,
37,a,6/2/2018,REVI,S,0,2,1,
37,a,6/2/2018,VEER,S,4,2,1,
37,a,6/2/2018,RUGR,S,2,3,1,
37,a,6/2/2018,MOWA,S,2,2,1,
37,a,6/2/2018,AMRO,S,0,3,1,
37,a,6/2/2018,REVI,S,0,2,1,
37,a,6/2/2018,OVEN,F,0,3,1,
37,a,6/2/2018,OVEN,C,2,3,1,
37,b,6/2/2018,CSWA,S,0,2,1,
37,b,6/2/2018,RBGR,S,4,4,1,
37,b,6/2/2018,VEER,S,0,3,1,
37,b,6/2/2018,VEER,S,3,1,1,
37,b,6/2/2018,LEFL,S,0,3,1,
37,b,6/2/2018,RBGR,S,0,2,1,
37,b,6/2/2018,CSWA,S,2,4,1,
37,b,6/2/2018,AMRE,O,0,4,1,
37,b,6/2/2018,ALFL,S,4,1,1,
37,b,6/2/2018,OVEN,S,2,2,1,
37,b,6/2/2018,AMCR,S,2,3,1,
37,b,6/2/2018,RBNU,S,3,4,1,
37,b,6/2/2018,AMRE,S,0,3,1,
37,c,6/2/2018,WOTH,S,2,1,1,
37,c,6/2/2018,GRCA,C,2,1,1,
37,c,6/2/2018,WOTH,S,0,2,1,
37,c,6/2/2018,VEER,S,0,2,1,
37,c,6/2/2018,REVI,O,0,2,1,
37,c,6/2/2018,WTSP,C,0,1,1,
37,c,6/2/2018,OVEN,C,2,4,1,
37,c,6/2/2018,UPBD,S,0,2,1,
37,c,6/2/2018,BAWW,S,0,3,1,
37,c,6/2/2018,BLJA,C,0,2,1,
37,c,6/2/2018,REVI,F,0,3,1,
37,d,6/2/2018,REVI,S,1,3,1,
37,d,6/2/2018,CSWA,S,2,2,1,
37,d,6/2/2018,ALFL,S,0,3,1,
37,d,6/2/2018,BHCO,S,0,3,1,
37,d,6/2/2018,CSWA,S,1,4,1,
37,d,6/2/2018,AMRE,S,0,3,1,
37,d,6/2/2018,OVEN,S,2,3,1,
37,d,6/2/2018,AMRE,S,3,4,1,
37,d,6/2/2018,GWWA,S,0,2,1,
37,d,6/2/2018,ALFL,C,0,2,1,
37,d,6/2/2018,COYE,S,0,4,1,
37,d,6/2/2018,VEER,F,1,4,1,
37,d,6/2/2018,UWAR,S,0,4,1,
37,d,6/2/2018,NAWA,S,0,4,1,
37,d,6/2/2018,AMRE,D,0,2,1,
37,d,6/2/2018,ALFL,S,0,3,1,
37,d,6/2/2018,NAWA,C,0,1,1,
38,a,6/22/2018,RECR,S,0,2,1,
38,a,6/22/2018,UWAR,S,4,4,1,
38,a,6/22/2018,REVI,S,0,2,1,
38,a,6/22/2018,VEER,C,4,4,1,
38,a,6/22/2018,CSWA,S,3,2,1,
38,b,6/22/2018,SCTA,D,0,1,1,
38,b,6/22/2018,OVEN,S,0,3,1,
38,b,6/22/2018,AMCR,S,0,2,1,
38,b,6/22/2018,AMRE,C,0,1,1,
38,b,6/22/2018,OVEN,S,0,4,1,
38,b,6/22/2018,VEER,S,3,2,1,
38,b,6/22/2018,UWAR,S,3,2,1,
38,b,6/22/2018,GWWA,S,1,2,1,
38,b,6/22/2018,ALFL,S,3,4,1,
38,b,6/22/2018,ALFL,S,2,3,1,
38,b,6/22/2018,BAWW,D,2,3,1,
38,c,6/22/2018,OVEN,S,3,2,1,
38,c,6/22/2018,RBGR,S,0,1,1,
38,c,6/22/2018,VEER,C,0,3,1,
38,c,6/22/2018,CSWA,S,0,3,1,
38,c,6/22/2018,UWPR,S,0,2,1,
38,c,6/22/2018,GRCA,S,0,1,1,
38,c,6/22/2018,VEER,S,4,2,1,
38,c,6/22/2018,SOSP,S,2,3,1,
38,c,6/22/2018,CSWA,F,0,3,1,
38,c,6/22/2018,AMRO,S,3,3,1,
38,c,6/22/2018,VEER,S,0,2,1,
38,d,6/22/2018,AMRE,S,0,3,1,
38,d,6/22/2018,VEER,S,0,2,1,
38,d,6/22/2018,CSWA,S,4,4,1,
38,d,6/22/2018,COYE,S,0,2,1,
38,d,6/22/2018,VEER,D,0,3,1,
38,d,6/22/2018,VEER,S,0,2,1,
38,d,6/22/2018,GWWA,S,4,2,1,
38,d,6/22/2018,NAWA,S,0,4,1,
38,d,6/22/2018,ALFL,S,0,3,1,
38,d,6/22/2018,WTSP,S,0,2,1,
38,d,6/22/2018,VEER,S,2,4,1,
38,d,6/22/2018,ALFL,C,0,1,1,
38,d,6/22/2018,VEER,S,2,4,1,
38,d,6/22/2018,CSWA,S,3,3,1,
38,d,6/22/2018,HETH,S,0,4,1,
38,d,6/22/2018,CHSP,S,3,4,1,
39,a,6/28/2018,CSWA,C,4,2,1,
39,a,6/28/2018,VEER,S,4,4,1,
39,a,6/28/2018,GWWA,S,0,1,1,
39,a,6/28/2018,NAWA,C,0,3,1,
39,a,6/28/2018,REVI,S,4,2,1,
39,a,6/28/2018,GWWA,C,4,2,1,
39,a,6/28/2018,EVGR,S,0,2,1,
39,a,6/28/2018,REVI,D,2,2,1,
39,a,6/28/2018,AMRO,S,0,4,1,
39,b,6/28/2018,MOWA,C,0,2,1,
39,b,6/28/2018,GWWA,S,0,2,1,
39,b,6/28/2018,SCTA,S,3,4,1,
39,b,6/28/2018,NAWA,S,0,4,2,
39,b,6/28/2018,ALFL,S,3,2,1,
39,b,6/28/2018,REVI,C,2,4,1,
39,b,6/28/2018,CSWA,S,1,2,1,
39,b,6/28/2018,GWWA,S,4,3,1,
39,b,6/28/2018,OVEN,S,2,2,1,
39,b,6/28/2018,RBGR,D,4,3,1,
39,b,6/28/2018,WTSP,S,2,2,1,
39,b,6/28/2018,OVEN,S,2,3,1,
39,b,6/28/2018,ALFL,S,0,3,1,
39,c,6/28/2018,CSWA,S,2,1,1,
39,c,6/28/2018,ALFL,S,4,2,1,
39,c,6/28/2018,OVEN,S,2,3,1,
39,c,6/28/2018,COYE,S,0,4,1,
39,c,6/28/2018,COYE,S,3,4,1,
39,c,6/28/2018,CSWA,C,3,2,1,
39,d,6/28/2018,AMGO,S,1,2,1,
39,d,6/28/2018,REVI,S,0,3,1,
39,d,6/28/2018,VEER,S,0,1,1,
39,d,6/28/2018,AMRE,S,0,2,1,
39,d,6/28/2018,AMRE,S,0,1,1,
39,d,6/28/2018,UWAR,S,4,1,1,
39,d,6/28/2018,AMGO,S,0,2,1,
39,d,6/28/2018,GWWA,S,0,4,1,
39,d,6/28/2018,OVEN,S,0,3,1,
39,d,6/28/2018,MOWA,S,3,4,1,
39,d,6/28/2018,CSWA,S,0,1,1,
39,d,6/28/2018,AMRE,S,0,2,1,
39,d,6/28/2018,AMRE,S,4,2,1,
39,d,6/28/2018,COSN,S,2,2,1,
39,d,6/28/2018,RTHU,S,0,2,1,
39,d,6/28/2018,ALFL,S,0,4,1,
40,a,5/30/2018,ALFL,C,2,2,1,
40,a,5/30/2018,BCCH,S,2,1,1,
40,a,5/30/2018,OVEN,S,2,4,1,
40,a,5/30/2018,REVI,S,1,1,1,
40,a,5/30/2018,RUGR,S,4,2,1,
40,a,5/30/2018,NAWA,S,4,3,1,
40,a,5/30/2018,WTSP,S,0,3,1,
40,a,5/30/2018,NAWA,C,0,3,1,
40,a,5/30/2018,REVI,S,3,3,1,
40,a,5/30/2018,OVEN,S,4,2,1,
40,b,5/30/2018,CSWA,S,3,4,1,
40,b,5/30/2018,CSWA,S,3,3,1,
40,b,5/30/2018,GWWA,S,4,1,1,
40,b,5/30/2018,CSWA,S,0,1,1,
40,b,5/30/2018,LEFL,F,4,2,1,
40,b,5/30/2018,WOTH,O,4,3,1,
40,b,5/30/2018,AMRE,S,0,3,1,
40,b,5/30/2018,GWWA,S,0,2,1,
40,b,5/30/2018,AMCR,S,0,2,1,
40,b,5/30/2018,OVEN,S,2,3,1,
40,b,5/30/2018,OVEN,S,0,1,1,
40,b,5/30/2018,NAWA,S,0,4,1,
40,b,5/30/2018,BCCH,S,1,4,1,
40,b,5/30/2018,VEER,S,0,1,1,
40,c,5/30/2018,INBU,S,0,3,1,
40,c,5/30/2018,CSWA,C,3,2,1,
40,c,5/30/2018,OVEN,O,0,4,1,
40,c,5/30/2018,COYE,C,3,3,1,
40,c,5/30/2018,NAWA,S,3,1,1,
40,c,5/30/2018,YBSA,S,0,3,1,
40,c,5/30/2018,OVEN,C,0,4,1,
40,c,5/30/2018,AMCR,S,0,3,1,
40,c,5/30/2018,RUGR,S,2,2,1,
40,c,5/30/2018,VEER,S,2,4,1,
40,c,5/30/2018,RBGR,S,4,2,1,
40,c,5/30/2018,COLO,S,4,3,1,
40,c,5/30/2018,MOWA,S,2,4,1,
40,d,5/31/2018,REVI,S,4,3,1,
40,d,5/31/2018,ALFL,S,4,3,1,
40,d,5/31/2018,AMRE,S,2,3,1,
40,d,5/31/2018,BLJA,S,3,3,1,
40,d,5/31/2018,RBGR,D,2,1,1,
40,d,5/31/2018,BHCO,C,2,3,1,
40,d,5/31/2018,AMCR,C,0,3,1,
40,d,5/31/2018,TEWA,C,4,3,1,
40,d,5/31/2018,OVEN,S,0,4,1,
40,d,5/31/2018,REVI,S,0,4,1,
40,d,5/31/2018,WTSP,C,4,4,1,
41,a,6/5/2018,RBGR,S,3,1,1,
41,a,6/5/2018,COYE,S,1,2,1,
41,a,6/5/2018,CSWA,S,0,2,1,
41,a,6/5/2018,BAWW,S,0,3,1,
41,a,6/5/2018,MODO,O,0,4,1,
41,a,6/5/2018,VEER,S,0,3,1,
41,a,6/5/2018,REVI,C,0,4,1,
41,a,6/5/2018,NAWA,S,0,4,1,
41,a,6/5/2018,AMRO,S,3,2,1,
41,a,6/5/2018,VEER,S,4,2,1,
41,a,6/5/2018,OVEN,S,1,2,1,
41,a,6/5/2018,OVEN,S,0,2,1,
41,a,6/5/2018,BLJA,S,1,4,1,
41,a,6/5/2018,REVI,S,0,1,1,
41,a,6/5/2018,NAWA,C,1,2,1,
41,a,6/5/2018,SOSP,O,4,1,1,
41,a,6/5/2018,COYE,S,2,2,1,
41,b,6/5/2018,AMGO,S,1,2,1,
41,b,6/5/2018,AMRE,C,4,4,1,
41,b,6/5/2018,AMRE,S,2,2,1,
41,b,6/5/2018,ALFL,S,4,3,1,
41,b,6/5/2018,GRCA,S,4,3,1,
41,b,6/5/2018,COYE,S,3,3,1,
41,b,6/5/2018,OVEN,C,0,2,1,
41,b,6/5/2018,REVI,S,1,3,1,
41,b,6/5/2018,REVI,S,0,4,1,
41,b,6/5/2018,TRES,S,0,1,1,
41,b,6/5/2018,VEER,S,1,2,1,
41,b,6/5/2018,BCCH,S,4,4,1,
41,b,6/5/2018,NAWA,S,4,3,2,
41,b,6/5/2018,NAWA,S,0,2,1,Just a comment.
41,b,6/5/2018,AMBI,S,0,1,1,
41,b,6/5/2018,UPBD,D,2,3,1,
41,b,6/5/2018,REVI,C,3,2,1,
41,c,6/5/2018,AMGO,S,3,2,1,
41,c,6/5/2018,CSWA,S,3,4,1,
41,c,6/5/2018,MOWA,C,1,1,1,
41,c,6/5/2018,CSWA,S,0,1,1,
41,c,6/5/2018,VEER,S,3,2,1,
41,c,6/5/2018,AMRE,C,0,2,1,
41,c,6/5/2018,AMRO,S,1,1,1,
41,c,6/5/2018,VEER,C,0,1,1,
41,c,6/5/2018,VEER,S,3,3,1,
41,c,6/5/2018,EAWP,D,0,2,1,
41,c,6/5/2018,YTVI,S,3,4,1,
41,c,6/5/2018,RBGR,S,4,3,1,
41,c,6/5/2018,WTSP,S,3,2,1,
41,c,6/5/2018,AMRE,S,0,3,1,
41,c,6/5/2018,VEER,C,0,3,1,
41,c,6/5/2018,VEER,S,2,4,1,
41,c,6/5/2018,VEER,C,0,4,1,
41,d,6/5/2018,VEER,S,3,4,1,
41,d,6/5/2018,AMRE,S,3,3,1,
41,d,6/5/2018,SOSP,C,2,3,1,
41,d,6/5/2018,AMCR,S,3,2,1,
41,d,6/5/2018,CSWA,S,1,2,1,
41,d,6/5/2018,VEER,S,4,1,1,
41,d,6/5/2018,GWWA,S,4,4,1,
41,d,6/5/2018,CSWA,S,0,3,1,
41,d,6/5/2018,GWWA,C,4,2,1,
41,d,6/5/2018,VEER,S,2,2,1,
41,d,6/5/2018,RBNU,S,0,4,1,
41,d,6/5/2018,UWPR,S,0,1,1,
41,d,6/5/2018,MOWA,S,3,4,1,
41,d,6/5/2018,AMRE,C,1,1,2,
42,a,6/6/2018,AMRE,S,2,2,1,
42,a,6/6/2018,AMRE,S,0,3,1,
42,a,6/6/2018,PUFI,S,0,2,1,
42,a,6/6/2018,YTVI,C,0,3,1,
42,a,6/6/2018,OVEN,O,0,2,1,
42,a,6/6/2018,BAWW,S,0,4,1,
42,a,6/6/2018,CSWA,S,4,2,1,
42,a,6/6/2018,BAWW,S,3,2,1,
42,a,6/6/2018,NAWA,S,0,2,1,
42,a,6/6/2018,CSWA,O,0,4,1,
42,a,6/6/2018,REVI,S,3,3,1,
42,b,6/6/2018,OVEN,S,2,2,1,
42,b,6/6/2018,LEFL,S,4,4,1,
42,b,6/6/2018,ALFL,C,0,2,1,
42,b,6/6/2018,BHCO,S,1,1,1,
42,b,6/6/2018,NAWA,S,0,2,1,
42,b,6/6/2018,OVEN,S,0,2,1,
42,b,6/6/2018,MYWA,C,0,4,1,
42,b,6/6/2018,ALFL,S,2,3,1,
42,b,6/6/2018,NAWA,S,4,4,1,
42,b,6/6/2018,NAWA,S,0,2,1,
42,c,6/6/2018,CSWA,S,3,3,1,
42,c,6/6/2018,ALFL,S,0,3,1,
42,c,6/6/2018,OVEN,S,2,4,1,
42,c,6/6/2018,AMCR,S,2,2,1,
42,c,6/6/2018,UPBD,S,0,1,1,
42,c,6/6/2018,GWWA,S,4,3,1,
42,c,6/6/2018,GRCA,C,4,3,1,
42,c,6/6/2018,CSWA,S,0,1,1,
42,c,6/6/2018,SOSP,O,4,1,1,
42,d,6/6/2018,RBGR,C,0,2,1,
42,d,6/6/2018,NAWA,C,4,4,1,
42,d,6/6/2018,ALFL,C,2,2,1,
42,d,6/6/2018,MOWA,S,0,2,1,
42,d,6/6/2018,CCSP,S,0,2,1,
42,d,6/6/2018,CSWA,C,0,1,1,
42,d,6/6/2018,NAWA,S,2,2,1,
42,d,6/6/2018,NOWA,F,3,1,1,
42,d,6/6/2018,CSWA,S,0,3,1,
42,d,6/6/2018,RUGR,S,0,3,1,
42,d,6/6/2018,VEER,S,0,3,1,
42,d,6/6/2018,AMRE,S,3,1,1,
43,a,5/29/2018,OVEN,S,0,4,1,
43,a,5/29/2018,OVEN,S,4,4,1,
43,a,5/29/2018,REVI,C,0,3,1,
43,a,5/29/2018,RUGR,S,0,3,1,
43,a,5/29/2018,REVI,S,2,3,1,
43,a,5/29/2018,REVI,S,0,2,1,
43,b,5/29/2018,LEFL,S,0,2,1,
43,b,5/29/2018,BLJA,S,0,3,1,
43,b,5/29/2018,GWWA,C,0,4,1,
43,b,5/29/2018,UPBD,S,0,2,1,
43,b,5/29/2018,VEER,S,0,2,1,
43,b,5/29/2018,CSWA,S,0,2,1,
43,b,5/29/2018,UPBD,S,1,1,1,
43,b,5/29/2018,CSWA,S,0,4,1,
43,b,5/29/2018,CSWA,S,0,3,1,
43,b,5/29/2018,COYE,S,3,3,1,
43,b,5/29/2018,ALFL,S,0,2,1,
43,c,5/29/2018,ALFL,C,3,3,1,
43,c,5/29/2018,REVI,S,4,2,1,
43,c,5/29/2018,GRCA,S,0,3,1,
43,c,5/29/2018,CSWA,S,0,2,1,
43,c,5/29/2018,EATO,S,4,2,1,
43,c,5/29/2018,RBGR,S,0,4,1,
43,c,5/29/2018,REVI,C,2,2,1,
43,c,5/29/2018,OVEN,D,0,2,1,
43,c,5/29/2018,BAWW,S,0,1,1,
43,c,5/29/2018,NAWA,S,1,3,1,
43,c,5/29/2018,RBGR,S,4,3,1,
43,c,5/29/2018,COYE,S,3,3,1,
43,c,5/29/2018,CSWA,S,3,4,1,
43,d,5/29/2018,YWAR,S,4,4,1,
43,d,5/29/2018,REVI,S,0,4,1,
43,d,5/29/2018,BTNW,S,2,1,1,
43,d,5/29/2018,OVEN,S,0,3,1,
43,d,5/29/2018,OVEN,C,0,2,1,
43,d,5/29/2018,GCFL,S,4,3,1,
43,d,5/29/2018,UPBD,S,0,2,1,
43,d,5/29/2018,ALFL,S,4,4,1,
43,d,5/29/2018,CSWA,S,3,3,1,
43,d,5/29/2018,WOTH,S,0,1,1,
43,d,5/29/2018,OVEN,S,0,2,1,
43,d,5/29/2018,OVEN,S,0,2,1,
43,d,5/29/2018,YSFL,S,0,4,1,
43,d,5/29/2018,AMRE,C,0,4,1,
43,d,5/29/2018,VEER,S,0,2,1,
43,d,5/29/2018,COLO,S,0,1,1,
43,d,5/29/2018,SOSP,S,3,1,1,
44,a,6/20/2018,LEFL,S,2,2,1,
44,a,6/20/2018,OVEN,S,0,3,1,
44,a,6/20/2018,AMRE,S,0,3,1,
44,a,6/20/2018,CSWA,S,0,4,1,
44,a,6/20/2018,CSWA,C,3,2,1,
44,a,6/20/2018,VEER,S,0,3,1,
44,a,6/20/2018,COYE,S,2,2,1,
44,a,6/20/2018,CCSP,S,4,2,1,
44,a,6/20/2018,ALFL,S,1,2,1,
44,a,6/20/2018,VEER,S,2,2,1,
44,a,6/20/2018,VEER,S,0,1,1,
44,a,6/20/2018,BLJA,S,0,1,1,
44,a,6/20/2018,GWWA,C,0,1,1,
44,a,6/20/2018,CSWA,C,0,4,1,
44,a,6/20/2018,REVI,S,2,2,1,
44,a,6/20/2018,AMRE,S,4,2,1,
44,b,6/20/2018,BAWW,S,0,1,1,
44,b,6/20/2018,WOTH,S,4,2,1,
44,b,6/20/2018,BHCO,C,0,2,1,
44,b,6/20/2018,OVEN,S,4,4,1,
44,b,6/20/2018,EAWP,S,0,3,1,
44,b,6/20/2018,UPBD,S,0,1,1,
44,b,6/20/2018,AMRE,S,0,2,1,
44,b,6/20/2018,ALFL,S,0,2,1,
44,c,6/20/2018,UWPR,S,0,1,1,
44,c,6/20/2018,VEER,S,0,2,1,
44,c,6/20/2018,NAWA,S,4,4,1,
44,c,6/20/2018,AMRE,S,0,2,1,
44,c,6/20/2018,SOSP,C,1,3,1,
44,c,6/20/2018,COLO,S,3,2,1,
44,c,6/20/2018,OVEN,S,2,2,1,
44,c,6/20/2018,AMRE,S,0,1,1,
44,c,6/20/2018,NAWA,S,2,3,1,
44,c,6/20/2018,OVEN,S,0,4,1,
44,d,6/20/2018,RTHU,S,0,2,1,
44,d,6/20/2018,UPBD,S,2,3,1,
44,d,6/20/2018,AMRE,S,0,2,1,
44,d,6/20/2018,YTVI,C,0,2,1,
44,d,6/20/2018,VEER,S,4,3,1,
44,d,6/20/2018,SCTA,C,0,3,1,
44,d,6/20/2018,UPBD,S,3,1,1,
44,d,6/20/2018,BLJA,S,0,1,1,
44,d,6/20/2018,VEER,S,0,2,1,
44,d,6/20/2018,WTSP,S,0,4,1,
44,d,6/20/2018,UWPR,S,3,3,1,
44,d,6/20/2018,BLJA,C,4,1,1,
44,d,6/20/2018,ALFL,S,2,2,1,
44,d,6/20/2018,CSWA,S,2,2,1,
45,a,6/26/2018,CSWA,C,3,2,1,
45,a,6/26/2018,VEER,S,0,1,1,
45,a,6/26/2018,RBGR,S,0,2,1,
45,a,6/26/2018,OVEN,S,0,3,1,
45,a,6/26/2018,REVI,S,2,2,1,
45,a,6/26/2018,OVEN,C,4,2,1,
45,a,6/26/2018,VEER,S,4,2,1,
45,a,6/26/2018,CSWA,S,3,2,1,
45,a,6/26/2018,UWPR,S,0,4,1,
45,a,6/26/2018,UPBD,S,0,3,1,
45,a,6/26/2018,NAWA,S,0,3,1,
45,a,6/26/2018,NAWA,S,0,3,1,
45,a,6/26/2018,WTSP,S,0,2,1,
45,a,6/26/2018,MOWA,C,0,2,1,
45,a,6/26/2018,CSWA,S,0,2,1,
45,a,6/26/2018,NAWA,S,0,2,1,
45,a,6/26/2018,CSWA,S,3,3,1,
45,b,6/26/2018,GWWA,S,0,1,1,
45,b,6/26/2018,OVEN,S,2,1,1,
45,b,6/26/2018,UWPR,S,1,2,1,
45,b,6/26/2018,CSWA,S,0,2,1,
45,b,6/26/2018,COYE,S,0,2,1,
45,b,6/26/2018,REVI,S,3,2,1,
45,b,6/26/2018,OVEN,S,3,2,1,
45,b,6/26/2018,YWAR,S,2,2,1,
45,b,6/26/2018,WOTH,S,0,4,1,
45,b,6/26/2018,NAWA,S,2,4,1,
45,b,6/26/2018,VEER,S,0,3,1,
45,b,6/26/2018,NAWA,S,4,2,1,
45,b,6/26/2018,AMRE,C,0,2,1,
45,c,6/26/2018,RBGR,S,0,1,1,
45,c,6/26/2018,SCTA,S,0,1,1,
45,c,6/26/2018,AMRE,S,3,4,1,
45,c,6/26/2018,CSWA,S,3,2,1,
45,c,6/26/2018,AMRE,S,0,4,1,
45,c,6/26/2018,VEER,S,0,1,1,
45,c,6/26/2018,WOTH,S,3,3,1,
45,c,6/26/2018,NAWA,S,1,3,1,
45,c,6/26/2018,GWWA,C,3,1,1,
45,c,6/26/2018,VEER,S,4,1,1,
45,c,6/26/2018,AMCR,S,1,2,1,
45,c,6/26/2018,OVEN,S,0,3,3,
45,c,6/26/2018,ALFL,D,0,3,1,
45,c,6/26/2018,AMRE,S,0,2,1,
45,c,6/26/2018,COYE,S,2,3,1,
45,c,6/26/2018,OVEN,S,3,2,1,
45,d,6/27/2018,UPBD,S,3,4,1,
45,d,6/27/2018,VEER,S,0,4,1,
45,d,6/27/2018,VEER,S,0,3,1,
45,d,6/27/2018,REVI,F,0,4,1,
45,d,6/27/2018,MOWA,S,0,4,1,
45,d,6/27/2018,AMRO,S,4,3,1,
45,d,6/27/2018,MOWA,S,3,1,1,
45,d,6/27/2018,AMRE,S,0,4,1,
45,d,6/27/2018,SCTA,S,4,2,1,
45,d,6/27/2018,HETH,S,0,3,1,
46,a,6/8/2018,UPBD,C,0,2,1,
46,a,6/8/2018,COYE,S,2,1,1,
46,a,6/8/2018,GRCA,S,2,3,1,
46,a,6/8/2018,AMCR,S,0,2,1,
46,a,6/8/2018,SWSP,S,3,2,1,
46,a,6/8/2018,GWWA,S,0,2,1,
46,a,6/8/2018,REVI,S,0,3,1,
46,a,6/8/2018,AMCR,F,0,2,1,
46,a,6/8/2018,GWWA,S,4,2,1,
46,a,6/8/2018,ALFL,S,0,1,1,
46,a,6/8/2018,BAWW,C,2,3,1,
46,b,6/8/2018,MOWA,S,0,2,1,
46,b,6/8/2018,OVEN,S,3,4,1,
46,b,6/8/2018,GRCA,S,2,2,1,
46,b,6/8/2018,WTSP,C,2,4,1,
46,b,6/8/2018,AMRE,S,3,1,1,
46,b,6/8/2018,REVI,S,0,3,1,
46,b,6/8/2018,WTSP,S,0,3,1,
46,b,6/8/2018,BAWW,S,1,3,1,
46,b,6/8/2018,GWWA,S,3,3,1,
46,b,6/8/2018,WTSP,S,0,4,1,
46,b,6/8/2018,AMRE,S,4,3,1,
46,c,6/8/2018,CSWA,S,4,4,1,
46,c,6/8/2018,OVEN,S,1,2,1,
46,c,6/8/2018,OVEN,S,0,1,1,
46,c,6/8/2018,OVEN,S,0,2,1,
46,c,6/8/2018,UWPR,S,0,2,1,
46,c,6/8/2018,MYWA,C,0,1,1,
46,c,6/8/2018,VEER,S,0,2,1,
46,c,6/8/2018,CSWA,O,2,2,1,
46,c,6/8/2018,RUGR,S,3,3,1,
46,c,6/8/2018,CSWA,S,0,2,1,
46,c,6/8/2018,AMRO,S,0,2,1,
46,d,6/9/2018,GWWA,S,1,3,1,
46,d,6/9/2018,ULBD,C,0,2,1,
46,d,6/9/2018,CSWA,S,0,2,1,
46,d,6/9/2018,RUGR,D,0,3,1,
46,d,6/9/2018,UPBD,S,3,2,1,
46,d,6/9/2018,OVEN,F,0,4,1,
46,d,6/9/2018,UWAR,C,0,1,1,
46,d,6/9/2018,OVEN,S,0,3,1,
46,d,6/9/2018,AMRO,S,2,3,1,
46,d,6/9/2018,CSWA,S,0,2,1,
46,d,6/9/2018,VEER,S,2,2,1,
46,d,6/9/2018,WTSP,S,0,2,1,
47,a,6/14/2018,NAWA,D,1,1,1,
47,a,6/14/2018,NAWA,S,2,3,1,
47,a,6/14/2018,WTSP,D,4,3,1,
47,a,6/14/2018,NAWA,S,0,3,1,
47,a,6/14/2018,CSWA,S,2,3,1,
47,a,6/14/2018,WTSP,C,1,2,1,
47,a,6/14/2018,ALFL,D,4,2,1,
47,b,6/15/2018,RUGR,C,2,3,1,
47,b,6/15/2018,AMGO,S,4,2,1,
47,b,6/15/2018,RBGR,S,2,4,1,
47,b,6/15/2018,GWWA,S,0,1,1,
47,b,6/15/2018,REVI,F,0,2,1,
47,b,6/15/2018,AMRO,S,0,4,3,
47,b,6/15/2018,RBGR,S,0,1,1,
47,b,6/15/2018,SCTA,C,0,2,1,
47,b,6/15/2018,NAWA,C,0,2,1,
47,b,6/15/2018,UPBD,S,4,4,1,
47,b,6/15/2018,RUGR,S,0,2,1,
47,c,6/15/2018,SOSP,S,0,3,1,
47,c,6/15/2018,AMRE,S,0,2,1,
47,c,6/15/2018,REVI,S,2,4,1,
47,c,6/15/2018,REVI,S,1,2,1,
47,c,6/15/2018,VEER,S,2,3,1,
47,c,6/15/2018,TEWA,S,0,3,1,
47,c,6/15/2018,CCSP,S,1,2,1,
47,c,6/15/2018,OVEN,S,3,4,1,
47,c,6/15/2018,CSWA,S,0,3,1,
47,d,6/16/2018,GRCA,S,3,3,1,
47,d,6/16/2018,INBU,S,0,2,1,
47,d,6/16/2018,AMRE,S,1,3,1,
47,d,6/16/2018,OVEN,C,0,4,1,
47,d,6/16/2018,UWAR,S,0,1,1,
47,d,6/16/2018,REVI,D,0,4,1,
47,d,6/16/2018,TEWA,S,0,3,1,
47,d,6/16/2018,CSWA,S,0,1,1,
47,d,6/16/2018,GRCA,S,4,3,1,
47,d,6/16/2018,BAWW,C,4,2,1,
48,a,6/17/2018,AMCR,S,1,2,1,
48,a,6/17/2018,AMRE,S,0,4,1,
48,a,6/17/2018,RUGR,O,0,2,1,
48,a,6/17/2018,UPBD,S,4,2,1,
48,a,6/17/2018,GWWA,S,2,2,1,
48,a,6/17/2018,RBNU,S,3,2,1,
48,a,6/17/2018,MOWA,S,4,4,1,
48,a,6/17/2018,NAWA,S,1,2,1,
48,a,6/17/2018,NAWA,S,4,2,1,
48,b,6/17/2018,COYE,C,3,2,1,
48,b,6/17/2018,AMRO,S,1,4,1,
48,b,6/17/2018,AMGO,S,4,3,1,
48,b,6/17/2018,TEWA,S,1,3,1,
48,b,6/17/2018,MODO,S,0,2,1,
48,b,6/17/2018,VEER,C,2,2,1,
48,b,6/17/2018,BCCH,S,0,4,1,
48,b,6/17/2018,RUGR,S,3,3,1,
48,b,6/17/2018,CORA,S,4,4,1,
48,b,6/17/2018,OVEN,S,0,3,1,
48,c,6/17/2018,REVI,S,2,2,1,
48,c,6/17/2018,LEFL,S,0,3,2,
48,c,6/17/2018,RTHU,D,3,2,1,
48,c,6/17/2018,OVEN,S,0,3,1,
48,c,6/17/2018,AMRE,C,2,3,1,
48,c,6/17/2018,BLJA,D,4,3,1,
48,c,6/17/2018,BLJA,C,0,2,1,
48,c,6/17/2018,RBGR,S,2,4,1,
48,c,6/17/2018,NAWA,S,0,2,1,
48,c,6/17/2018,COYE,S,1,4,1,
48,c,6/17/2018,WTSP,S,0,1,1,
48,c,6/17/2018,RUGR,S,1,2,1,
48,c,6/17/2018,AMRO,C,3,3,1,
48,c,6/17/2018,OVEN,S,2,1,1,
48,d,6/17/2018,VEER,S,3,3,1,
48,d,6/17/2018,AMRE,S,1,3,1,
48,d,6/17/2018,AMCR,S,0,3,1,
48,d,6/17/2018,VEER,S,0,3,1,
48,d,6/17/2018,RUGR,D,0,3,1,
48,d,6/17/2018,VEER,S,3,4,1,
48,d,6/17/2018,INBU,S,4,3,1,
48,d,6/17/2018,OVEN,S,3,3,1,
48,d,6/17/2018,YBSA,S,3,1,1,
48,d,6/17/2018,AMRE,S,0,1,1,
48,d,6/17/2018,MYWA,S,4,2,1,
48,d,6/17/2018,COYE,C,0,3,1,
49,a,6/24/2018,VEER,S,0,2,1,
49,a,6/24/2018,AMCR,S,0,3,1,
49,a,6/24/2018,VEER,S,0,3,1,
49,a,6/24/2018,CSWA,S,3,3,1,
49,a,6/24/2018,AMRE,C,0,2,1,
49,a,6/24/2018,CSWA,S,0,2,1,
49,a,6/24/2018,CCSP,C,0,3,1,
49,a,6/24/2018,AMRO,C,0,3,1,
49,a,6/24/2018,UWPR,S,0,4,1,
49,a,6/24/2018,AMGO,D,0,3,1,
49,a,6/24/2018,AMRO,C,1,1,1,
49,a,6/24/2018,RBGR,S,3,2,1,
49,b,6/25/2018,LEFL,S,1,3,1,
49,b,6/25/2018,TRES,S,1,3,1,
49,b,6/25/2018,AMRE,S,0,4,1,
49,b,6/25/2018,COYE,S,0,2,1,
49,b,6/25/2018,VEER,S,0,2,1,
49,b,6/25/2018,WTSP,S,0,1,1,
49,b,6/25/2018,NAWA,S,4,2,1,
49,b,6/25/2018,NAWA,S,3,2,2,
49,b,6/25/2018,NAWA,S,2,1,1,
49,b,6/25/2018,CSWA,S,0,2,1,
49,b,6/25/2018,ALFL,S,0,1,1,
49,b,6/25/2018,COYE,S,0,3,1,
49,b,6/25/2018,ALFL,S,1,3,1,
49,c,6/25/2018,CSWA,S,1,2,1,
49,c,6/25/2018,CSWA,S,0,2,1,
49,c,6/25/2018,GWWA,S,0,3,1,
49,c,6/25/2018,REVI,S,0,3,1,
49,c,6/25/2018,AMRE,S,4,3,1,
49,c,6/25/2018,BHCO,C,0,1,1,
49,c,6/25/2018,REVI,S,3,3,1,
49,c,6/25/2018,VEER,S,3,2,2,
49,c,6/25/2018,REVI,C,1,4,1,
49,c,6/25/2018,OVEN,S,0,1,1,
49,c,6/25/2018,REVI,S,4,1,1,
49,c,6/25/2018,AMRE,S,0,3,1,
49,c,6/25/2018,TEWA,S,0,3,1,
49,c,6/25/2018,SOSP,S,0,1,1,
49,c,6/25/2018,AMRE,S,3,3,1,
49,c,6/25/2018,OVEN,S,2,3,1,
49,c,6/25/2018,OVEN,S,4,3,1,
49,c,6/25/2018,VEER,C,0,3,1,
49,d,6/25/2018,RBGR,S,0,3,1,
49,d,6/25/2018,RBGR,S,0,3,1,
49,d,6/25/2018,HAWO,S,1,4,1,
49,d,6/25/2018,UWAR,S,3,2,1,
49,d,6/25/2018,VEER,S,3,1,1,
49,d,6/25/2018,CSWA,S,4,1,2,
49,d,6/25/2018,GWWA,S,0,3,1,
49,d,6/25/2018,OVEN,S,0,3,1,
49,d,6/25/2018,ALFL,S,3,2,1,
49,d,6/25/2018,WTSP,S,0,2,1,
49,d,6/25/2018,BLJA,D,1,1,1,
49,d,6/25/2018,DOWO,S,4,2,1,
49,d,6/25/2018,OVEN,S,3,4,1,
49,d,6/25/2018,COSN,S,2,2,1,
50,a,6/28/2018,HOWR,S,0,3,1,
50,a,6/28/2018,REVI,S,0,3,1,
50,a,6/28/2018,RUGR,S,4,3,1,
50,a,6/28/2018,RBGR,S,0,4,1,
50,a,6/28/2018,VEER,C,0,1,1,
50,a,6/28/2018,WOTH,S,0,3,1,
50,a,6/28/2018,CSWA,S,1,1,1,
50,a,6/28/2018,NAWA,S,0,4,1,
50,a,6/28/2018,RECR,S,0,1,1,
50,a,6/28/2018,REVI,S,2,4,1,
50,a,6/28/2018,COYE,S,0,2,1,
50,b,6/28/2018,YBSA,S,4,2,1,
50,b,6/28/2018,OVEN,S,2,2,1,
50,b,6/28/2018,REVI,F,3,2,1,
50,b,6/28/2018,GWWA,S,0,2,1,
50,b,6/28/2018,AMRE,C,3,3,1,
50,b,6/28/2018,BBCU,C,4,3,1,
50,b,6/28/2018,CSWA,S,0,3,1,
50,b,6/28/2018,VEER,S,0,1,1,
50,b,6/28/2018,AMRE,S,0,2,1,
50,b,6/28/2018,NAWA,S,0,2,1,
50,b,6/28/2018,MOWA,S,3,3,1,
50,c,6/29/2018,UPBD,D,0,2,1,
50,c,6/29/2018,NAWA,S,0,4,1,
50,c,6/29/2018,OVEN,S,0,4,1,
50,c,6/29/2018,GRCA,C,0,2,1,
50,c,6/29/2018,WTSP,S,3,2,1,
50,c,6/29/2018,YSFL,S,3,4,1,
50,c,6/29/2018,VEER,S,0,4,1,
50,d,6/29/2018,RUGR,S,2,4,1,
50,d,6/29/2018,NAWA,S,0,2,1,
50,d,6/29/2018,EAWP,S,0,3,1,
50,d,6/29/2018,GWWA,S,0,1,1,
50,d,6/29/2018,REVI,S,4,4,1,
50,d,6/29/2018,NAWA,S,4,2,1,
50,d,6/29/2018,OVEN,S,0,2,1,
50,d,6/29/2018,AMCR,S,0,2,1,
50,d,6/29/2018,VEER,S,1,2,1,
50,d,6/29/2018,REVI,S,0,2,1,
51,a,6/13/2018,GWWA,S,3,3,1,
51,a,6/13/2018,REVI,S,0,4,1,
51,a,6/13/2018,REVI,S,4,2,1,
51,a,6/13/2018,CSWA,S,4,4,1,
51,a,6/13/2018,RUGR,S,3,1,1,
51,a,6/13/2018,OVEN,S,3,3,1,
51,a,6/13/2018,REVI,O,0,3,1,
51,a,6/13/2018,CSWA,S,0,1,1,
51,a,6/13/2018,BAWW,S,0,1,1,
51,b,6/13/2018,ULBD,S,0,4,1,
51,b,6/13/2018,NAWA,S,3,4,1,
51,b,6/13/2018,LEFL,S,1,2,1,
51,b,6/13/2018,MOWA,S,0,3,2,
51,b,6/13/2018,OVEN,S,1,3,1,
51,b,6/13/2018,CSWA,C,0,1,1,
51,b,6/13/2018,CAWA,S,1,4,1,
51,b,6/13/2018,AMCR,S,2,4,1,
51,b,6/13/2018,CSWA,C,3,2,1,
51,b,6/13/2018,OVEN,S,4,3,1,
51,b,6/13/2018,NAWA,S,0,3,1,
51,b,6/13/2018,AMRE,S,3,2,1,
51,b,6/13/2018,RUGR,S,0,2,1,
51,b,6/13/2018,NAWA,S,0,2,1,
51,b,6/13/2018,WTSP,S,4,3,1,
51,b,6/13/2018,CSWA,S,0,2,1,
51,b,6/13/2018,CSWA,S,1,2,1,
51,c,6/13/2018,GWWA,S,1,4,1,
51,c,6/13/2018,VEER,S,0,1,1,
51,c,6/13/2018,RBGR,S,0,2,1,
51,c,6/13/2018,GWWA,S,0,3,1,
51,c,6/13/2018,OVEN,D,0,4,1,
51,c,6/13/2018,RUGR,D,0,2,1,
51,c,6/13/2018,REVI,C,0,3,1,
51,c,6/13/2018,AMRO,D,3,2,1,
51,c,6/13/2018,SCTA,S,0,2,1,
51,d,6/13/2018,CSWA,C,4,3,1,
51,d,6/13/2018,VEER,S,0,2,1,
51,d,6/13/2018,REVI,S,0,3,1,
51,d,6/13/2018,UWPR,S,4,4,1,
51,d,6/13/2018,COLO,S,3,2,1,
51,d,6/13/2018,OVEN,C,0,2,1,
51,d,6/13/2018,UWAR,S,1,4,1,
51,d,6/13/2018,NAWA,S,0,2,1,
51,d,6/13/2018,RBGR,D,0,3,1,
51,d,6/13/2018,VEER,S,2,2,1,
51,d,6/13/2018,RBNU,S,0,3,2,
51,d,6/13/2018,VEER,S,0,2,1,
51,d,6/13/2018,OVEN,S,2,4,1,
51,d,6/13/2018,VEER,C,2,1,1,
51,d,6/13/2018,CSWA,S,3,3,1,
51,d,6/13/2018,VEER,S,4,2,1,
52,a,6/9/2018,BCCH,S,0,2,1,
52,a,6/9/2018,RUGR,S,2,4,1,
52,a,6/9/2018,VEER,S,0,1,1,
52,a,6/9/2018,WBNU,C,0,4,1,
52,a,6/9/2018,CSWA,S,4,2,1,
52,a,6/9/2018,RBGR,S,2,2,1,
52,a,6/9/2018,MOWA,S,0,4,1,
52,a,6/9/2018,AMRO,S,2,4,1,
52,b,6/10/2018,YBSA,S,0,2,1,
52,b,6/10/2018,REVI,S,0,1,1,
52,b,6/10/2018,CSWA,C,4,3,1,
52,b,6/10/2018,COYE,S,3,1,1,
52,b,6/10/2018,VEER,S,2,3,1,
52,b,6/10/2018,REVI,S,2,2,1,
52,b,6/10/2018,VEER,S,1,3,1,
52,b,6/10/2018,OVEN,S,0,1,1,
52,b,6/10/2018,RUGR,C,0,4,1,
52,b,6/10/2018,GWWA,C,1,3,1,
52,b,6/10/2018,WTSP,S,0,4,1,
52,c,6/10/2018,MOWA,S,4,2,1,
52,c,6/10/2018,CSWA,S,0,2,1,
52,c,6/10/2018,AMCR,S,3,4,1,
52,c,6/10/2018,VEER,S,0,2,1,
52,c,6/10/2018,REVI,S,0,3,1,
52,c,6/10/2018,EVGR,S,0,3,1,
52,c,6/10/2018,CSWA,S,0,4,1,
52,d,6/10/2018,MOWA,S,0,1,1,
52,d,6/10/2018,VEER,S,0,3,1,
52,d,6/10/2018,GWWA,S,4,4,1,
52,d,6/10/2018,WTSP,S,3,2,1,
52,d,6/10/2018,GWWA,C,4,4,1,
52,d,6/10/2018,AMGO,S,4,2,1,
52,d,6/10/2018,NAWA,S,2,4,1,
52,d,6/10/2018,REVI,S,3,2,1,
52,d,6/10/2018,ALFL,S,0,3,1,
52,d,6/10/2018,CSWA,S,4,2,1,
52,d,6/10/2018,WTSP,S,0,4,1,
53,a,7/2/2018,AMRE,C,0,3,1,
53,a,7/2/2018,RWBL,C,3,2,1,
53,a,7/2/2018,OVEN,S,0,4,1,
53,a,7/2/2018,VEER,S,2,3,1,
53,a,7/2/2018,CSWA,S,0,2,1,
53,a,7/2/2018,UWAR,S,1,2,1,
53,a,7/2/2018,REVI,S,0,3,1,
53,a,7/2/2018,AMRE,S,0,3,1,
53,a,7/2/2018,REVI,C,4,1,1,
53,a,7/2/2018,COLO,C,0,3,1,
53,a,7/2/2018,AMRE,S,0,2,1,
53,a,7/2/2018,BLJA,S,4,2,1,
53,a,7/2/2018,CSWA,S,2,1,1,
53,b,7/3/2018,VEER,S,1,3,1,
53,b,7/3/2018,CSWA,S,3,2,1,
53,b,7/3/2018,VEER,C,3,2,1,
53,b,7/3/2018,ALFL,S,0,3,1,
53,b,7/3/2018,NAWA,S,2,3,1,
53,b,7/3/2018,BLJA,C,0,1,1,
53,b,7/3/2018,RUGR,S,2,1,1,
53,b,7/3/2018,CSWA,S,3,3,1,
53,b,7/3/2018,COYE,S,0,3,1,
53,c,7/3/2018,OVEN,S,3,3,1,
53,c,7/3/2018,OVEN,S,2,2,1,
53,c,7/3/2018,UPBD,S,0,4,1,
53,c,7/3/2018,REVI,S,0,1,1,
53,c,7/3/2018,RUGR,S,1,3,1,
53,c,7/3/2018,OVEN,S,4,2,1,
53,c,7/3/2018,CSWA,S,3,2,1,
53,c,7/3/2018,RBGR,S,4,2,1,
53,c,7/3/2018,UWAR,F,4,3,1,
53,c,7/3/2018,AMCR,C,0,4,1,
53,c,7/3/2018,RBGR,S,4,2,1,
53,c,7/3/2018,CSWA,S,2,3,1,
53,c,7/3/2018,VEER,S,0,3,1,
53,c,7/3/2018,CSWA,S,0,2,1,
53,c,7/3/2018,OVEN,S,0,4,1,
53,d,7/3/2018,BHCO,S,0,1,1,
53,d,7/3/2018,AMRE,S,0,4,1,
53,d,7/3/2018,WTSP,S,0,4,1,
53,d,7/3/2018,RBGR,S,2,3,1,
53,d,7/3/2018,ALFL,S,0,3,1,
53,d,7/3/2018,BTNW,S,0,2,1,
53,d,7/3/2018,VEER,S,4,3,1,
53,d,7/3/2018,CSWA,S,3,1,1,
53,d,7/3/2018,AMRO,S,2,4,1,
54,a,6/19/2018,COYE,S,0,4,1,
54,a,6/19/2018,AMGO,C,0,3,1,
54,a,6/19/2018,CSWA,S,4,2,1,
54,a,6/19/2018,MOWA,S,1,2,1,
54,a,6/19/2018,CSWA,S,4,3,1,
54,a,6/19/2018,AMRE,S,0,2,1,
54,a,6/19/2018,OVEN,S,0,2,1,
54,a,6/19/2018,VEER,S,0,3,1,
54,a,6/19/2018,REVI,S,1,3,1,
54,a,6/19/2018,AMCR,S,0,3,1,
54,a,6/19/2018,AMRE,S,1,3,1,
54,a,6/19/2018,RBGR,S,0,3,1,
54,a,6/19/2018,UWPR,C,4,1,1,
54,a,6/19/2018,BAWW,S,1,2,1,
54,a,6/19/2018,OVEN,S,0,3,1,
54,a,6/19/2018,REVI,S,0,3,1,
54,b,6/19/2018,UPBD,C,0,2,1,
54,b,6/19/2018,UWAR,C,0,1,1,
54,b,6/19/2018,YWAR,S,4,2,1,
54,b,6/19/2018,CCSP,S,2,4,1,
54,b,6/19/2018,CORA,S,0,3,1,
54,b,6/19/2018,REVI,S,3,2,1,
54,b,6/19/2018,WTSP,S,4,1,1,
54,b,6/19/2018,TEWA,S,4,2,1,
54,b,6/19/2018,CSWA,S,0,4,1,
54,b,6/19/2018,TEWA,S,4,2,1,
54,b,6/19/2018,NAWA,S,3,4,1,
54,b,6/19/2018,BWHA,S,0,4,2,
54,c,6/19/2018,MOWA,S,4,3,1,
54,c,6/19/2018,ALFL,S,0,2,1,
54,c,6/19/2018,AMRE,S,2,2,1,
54,c,6/19/2018,ALFL,C,4,2,1,
54,c,6/19/2018,RBGR,S,1,1,1,
54,c,6/19/2018,COYE,S,0,4,1,
54,c,6/19/2018,EAWP,C,4,3,1,
54,c,6/19/2018,CSWA,S,0,3,1,
54,c,6/19/2018,AMRE,S,0,2,1,
54,c,6/19/2018,COSN,S,4,1,1,
54,d,6/20/2018,OVEN,S,0,1,1,
54,d,6/20/2018,UPBD,S,2,3,1,
54,d,6/20/2018,REVI,S,0,4,1,
54,d,6/20/2018,RUGR,O,0,4,1,
54,d,6/20/2018,BLJA,S,0,4,1,
54,d,6/20/2018,RUGR,S,1,3,1,
54,d,6/20/2018,RCKI,S,2,2,1,
54,d,6/20/2018,VEER,C,0,2,1,
54,d,6/20/2018,BLJA,S,0,3,1,
54,d,6/20/2018,AMRO,S,4,3,1,
55,a,6/6/2018,BHCO,S,0,2,1,
55,a,6/6/2018,REVI,O,0,3,1,
55,a,6/6/2018,BAWW,S,0,3,1,
55,a,6/6/2018,WITU,S,0,3,1,
55,a,6/6/2018,CSWA,S,0,4,1,
55,a,6/6/2018,AMRO,S,0,2,1,
55,a,6/6/2018,VEER,C,0,2,1,
55,a,6/6/2018,OVEN,S,0,3,1,
55,a,6/6/2018,AMRE,C,3,4,1,
55,a,6/6/2018,AMRO,S,2,1,1,
55,b,6/6/2018,AMRE,S,0,2,1,
55,b,6/6/2018,CSWA,S,0,2,1,
55,b,6/6/2018,VEER,C,0,3,1,
55,b,6/6/2018,EAWP,C,0,3,1,
55,b,6/6/2018,RBGR,S,4,2,1,
55,b,6/6/2018,UWAR,S,2,2,1,
55,b,6/6/2018,OVEN,S,4,3,1,
55,b,6/6/2018,AMCR,S,0,4,1,
55,b,6/6/2018,CSWA,S,0,2,1,
55,b,6/6/2018,RUGR,S,0,1,1,
55,b,6/6/2018,NAWA,S,3,3,1,
55,b,6/6/2018,VEER,S,0,3,1,
55,b,6/6/2018,CSWA,S,4,3,1,
55,c,6/6/2018,RUGR,S,1,3,1,
55,c,6/6/2018,MOWA,S,0,2,1,
55,c,6/6/2018,NAWA,S,1,3,1,
55,c,6/6/2018,CSWA,S,3,4,1,
55,c,6/6/2018,RBGR,S,0,2,1,
55,c,6/6/2018,GRCA,S,0,1,1,
55,c,6/6/2018,REVI,S,0,2,1,
55,c,6/6/2018,OVEN,S,2,2,1,
55,c,6/6/2018,BAWW,S,0,3,1,
55,c,6/6/2018,ALFL,C,2,4,1,
55,c,6/6/2018,AMCR,S,4,2,1,
55,c,6/6/2018,UPBD,S,0,2,1,
55,c,6/6/2018,UPBD,C,2,2,1,
55,c,6/6/2018,OVEN,S,4,2,1,
55,c,6/6/2018,REVI,S,3,2,1,
55,c,6/6/2018,ALFL,S,1,1,1,
55,c,6/6/2018,COYE,S,1,2,1,
55,c,6/6/2018,WTSP,S,0,2,1,
55,d,6/7/2018,CSWA,S,0,2,1,
55,d,6/7/2018,CSWA,S,0,3,1,
55,d,6/7/2018,VEER,S,0,1,1,
55,d,6/7/2018,OVEN,S,4,4,1,
55,d,6/7/2018,PIWA,S,0,4,1,
55,d,6/7/2018,AMRE,S,3,2,1,
55,d,6/7/2018,GWWA,S,2,3,1,
55,d,6/7/2018,RBGR,C,4,2,1,
55,d,6/7/2018,RUGR,S,0,3,1,
55,d,6/7/2018,AMRO,S,0,4,1,
55,d,6/7/2018,OVEN,S,2,2,1,
56,a,6/22/2018,GRCA,S,1,1,1,
56,a,6/22/2018,CSWA,S,3,1,1,
56,a,6/22/2018,RBGR,S,2,2,1,
56,a,6/22/2018,AMCR,S,0,3,1,
56,a,6/22/2018,CSWA,S,3,2,1,
56,a,6/22/2018,SCTA,S,0,1,1,
56,a,6/22/2018,SOSP,F,0,2,1,
56,a,6/22/2018,RBGR,S,4,2,1,
56,a,6/22/2018,VEER,F,0,2,1,
56,a,6/22/2018,OVEN,S,4,2,1,
56,a,6/22/2018,MOWA,S,0,1,1,
56,a,6/22/2018,REVI,S,0,4,2,
56,a,6/22/2018,MOWA,S,1,2,1,
56,a,6/22/2018,WTSP,S,2,4,1,
56,b,6/22/2018,RBGR,S,0,2,1,
56,b,6/22/2018,AMRE,S,4,2,1,
56,b,6/22/2018,VEER,S,4,2,1,
56,b,6/22/2018,UPBD,O,0,4,1,
56,b,6/22/2018,MYWA,C,2,2,1,
56,b,6/22/2018,WOTH,S,4,2,1,
56,b,6/22/2018,CAGO,S,3,3,1,
56,b,6/22/2018,CSWA,S,2,1,1,
56,b,6/22/2018,RBNU,S,0,3,1,
56,b,6/22/2018,ALFL,C,4,1,1,
56,b,6/22/2018,UWPR,D,0,4,1,
56,c,6/22/2018,BAWW,S,0,1,1,
56,c,6/22/2018,UWPR,S,0,3,1,
56,c,6/22/2018,UWPR,S,2,2,1,
56,c,6/22/2018,OVEN,S,3,4,1,
56,c,6/22/2018,CSWA,S,0,1,1,
56,c,6/22/2018,BHCO,S,0,4,1,
56,c,6/22/2018,NAWA,S,3,3,2,
56,c,6/22/2018,AMRE,S,4,2,1,
56,c,6/22/2018,AMRE,S,0,3,1,
56,c,6/22/2018,CSWA,S,1,1,1,
56,c,6/22/2018,CSWA,S,0,1,1,
56,c,6/22/2018,REVI,S,0,3,1,
56,c,6/22/2018,GWWA,S,0,3,1,
56,c,6/22/2018,BLJA,D,0,2,1,
56,d,6/22/2018,GCFL,S,0,1,1,
56,d,6/22/2018,CSWA,S,2,2,1,
56,d,6/22/2018,UPBD,S,4,3,1,
56,d,6/22/2018,NAWA,S,0,2,1,
56,d,6/22/2018,NAWA,S,0,2,1,
56,d,6/22/2018,OVEN,S,0,4,1,
56,d,6/22/2018,UWPR,S,2,4,1,
56,d,6/22/2018,CSWA,C,4,2,1,
56,d,6/22/2018,OVEN,C,0,1,1,
56,d,6/22/2018,UWAR,S,1,4,1,
56,d,6/22/2018,NAWA,C,0,4,1,
56,d,6/22/2018,OVEN,S,1,4,1,
56,d,6/22/2018,SOSP,S,2,3,1,
56,d,6/22/2018,NAWA,S,3,2,1,
56,d,6/22/2018,AMRE,D,0,2,1,
56,d,6/22/2018,RBGR,S,4,4,1,
56,d,6/22/2018,MOWA,S,0,1,1,
56,d,6/22/2018,NAWA,S,1,3,1,
56,d,6/22/2018,YBSA,S,0,4,1,
56,d,6/22/2018,CAGO,S,1,3,1,
57,a,6/30/2018,CSWA,C,0,2,1,
57,a,6/30/2018,UWPR,S,0,2,1,
57,a,6/30/2018,AMRE,S,3,4,1,
57,a,6/30/2018,MODO,S,1,3,1,
57,a,6/30/2018,VEER,S,4,2,1,
57,a,6/30/2018,BHCO,S,2,3,1,
57,a,6/30/2018,VEER,S,3,3,1,
57,a,6/30/2018,ALFL,S,0,2,1,
57,a,6/30/2018,PIWO,S,0,3,1,
57,a,6/30/2018,CAGO,S,0,3,1,
57,a,6/30/2018,AMRE,O,0,2,1,
57,a,6/30/2018,NOHA,S,0,3,1,
57,a,6/30/2018,UWAR,S,0,2,1,
57,b,6/30/2018,NAWA,S,0,3,1,
57,b,6/30/2018,BAWW,S,0,2,1,
57,b,6/30/2018,SOSP,S,0,2,1,
57,b,6/30/2018,VEER,S,1,2,1,
57,b,6/30/2018,COYE,S,0,2,1,
57,b,6/30/2018,VEER,S,4,1,1,
57,b,6/30/2018,BLJA,S,0,3,1,
57,b,6/30/2018,CSWA,S,0,1,1,
57,b,6/30/2018,OVEN,S,0,4,1,
57,b,6/30/2018,OVEN,S,1,3,1,
57,b,6/30/2018,AMRO,S,4,3,1,
57,b,6/30/2018,AMRE,S,0,1,1,
57,b,6/30/2018,REVI,S,0,4,1,
57,b,6/30/2018,REVI,S,3,4,1,
57,c,7/1/2018,VEER,C,3,3,1,
57,c,7/1/2018,UPBD,D,0,1,1,
57,c,7/1/2018,COYE,D,0,2,1,
57,c,7/1/2018,RBGR,D,3,3,1,
57,c,7/1/2018,AMRE,S,0,1,1,
57,c,7/1/2018,VEER,D,0,2,1,
57,c,7/1/2018,AMRE,S,0,2,1,
57,c,7/1/2018,SOSP,S,3,1,1,
57,d,7/1/2018,UWPR,S,0,4,1,
57,d,7/1/2018,OVEN,S,3,3,1,
57,d,7/1/2018,OVEN,C,0,2,1,
57,d,7/1/2018,AMRE,S,0,2,1,
57,d,7/1/2018,GRCA,S,0,2,1,
57,d,7/1/2018,AMCR,O,0,1,1,
57,d,7/1/2018,YTVI,S,0,4,1,
57,d,7/1/2018,AMRE,C,0,2,1,
57,d,7/1/2018,VEER,S,0,1,1,
57,d,7/1/2018,GRCA,S,0,2,1,
57,d,7/1/2018,RBGR,S,0,4,1,
58,a,6/14/2018,COYE,S,4,3,1,
58,a,6/14/2018,VEER,S,0,3,1,
58,a,6/14/2018,GRCA,S,2,3,1,
58,a,6/14/2018,OVEN,C,2,1,1,
58,a,6/14/2018,AMRE,S,4,4,1,
58,a,6/14/2018,PIWO,S,0,3,1,
58,a,6/14/2018,OVEN,C,1,3,1,
58,a,6/14/2018,AMRE,S,2,1,3,
58,a,6/14/2018,CSWA,S,3,4,1,
58,a,6/14/2018,CSWA,S,2,1,1,
58,a,6/14/2018,OVEN,S,1,3,1,
58,a,6/14/2018,BAWW,S,2,3,1,
58,a,6/14/2018,OVEN,S,4,4,1,
58,a,6/14/2018,ALFL,S,1,2,1,
58,b,6/14/2018,AMRE,S,3,3,1,
58,b,6/14/2018,CSWA,S,0,2,1,
58,b,6/14/2018,REVI,S,0,3,1,
58,b,6/14/2018,NAWA,S,3,3,1,
58,b,6/14/2018,AMCR,S,2,3,1,
58,b,6/14/2018,UPBD,S,3,4,2,
58,b,6/14/2018,COYE,S,0,2,1,
58,b,6/14/2018,USBD,S,0,2,1,
58,b,6/14/2018,ALFL,S,4,1,1,
58,b,6/14/2018,REVI,C,3,3,1,
58,b,6/14/2018,UPBD,S,0,3,1,
58,b,6/14/2018,REVI,C,2,2,1,
58,b,6/14/2018,NAWA,S,0,3,1,
58,b,6/14/2018,CSWA,S,0,2,1,
58,b,6/14/2018,AMRE,S,4,4,1,
58,c,6/14/2018,GWWA,S,3,3,1,
58,c,6/14/2018,AMRE,S,2,3,1,
58,c,6/14/2018,REVI,C,3,2,1,
58,c,6/14/2018,NAWA,S,0,4,1,
58,c,6/14/2018,NAWA,S,0,4,1,
58,c,6/14/2018,VEER,S,0,3,1,
58,c,6/14/2018,REVI,S,0,2,1,
58,c,6/14/2018,ALFL,S,4,3,1,
58,c,6/14/2018,COLO,C,0,1,1,
58,c,6/14/2018,WTSP,S,4,2,1,
58,c,6/14/2018,AMRE,S,4,3,1,
58,c,6/14/2018,RUGR,C,0,3,1,
58,c,6/14/2018,YSFL,S,0,4,1,
58,c,6/14/2018,RUGR,S,0,1,1,
58,c,6/14/2018,OVEN,S,2,1,1,
58,c,6/14/2018,CSWA,S,2,1,1,
58,d,6/14/2018,REVI,S,0,2,1,
58,d,6/14/2018,VEER,C,0,2,1,
58,d,6/14/2018,BLJA,S,2,1,1,
58,d,6/14/2018,BAWW,S,0,2,1,
58,d,6/14/2018,VEER,C,4,2,1,
58,d,6/14/2018,VEER,S,3,2,1,
58,d,6/14/2018,REVI,S,0,4,1,
58,d,6/14/2018,SCTA,S,3,2,1,
58,d,6/14/2018,REVI,S,2,1,1,
58,d,6/14/2018,CSWA,O,2,3,1,
58,d,6/14/2018,BLJA,S,3,4,1,
58,d,6/14/2018,OVEN,S,0,4,1,
59,a,6/25/2018,VEER,S,0,3,1,
59,a,6/25/2018,RBGR,S,0,2,1,
59,a,6/25/2018,NAWA,S,0,4,1,
59,a,6/25/2018,CSWA,C,0,1,1,
59,a,6/25/2018,CSWA,O,0,2,1,
59,a,6/25/2018,CORA,S,2,2,1,
59,a,6/25/2018,CSWA,S,2,3,1,
59,a,6/25/2018,VEER,S,3,1,1,
59,a,6/25/2018,CSWA,C,0,2,1,
59,a,6/25/2018,VEER,S,0,2,1,
59,a,6/25/2018,RUGR,S,4,3,1,
59,a,6/25/2018,TEWA,S,0,3,1,
59,a,6/25/2018,LEFL,S,0,2,1,
59,a,6/25/2018,CSWA,S,0,1,1,
59,a,6/25/2018,ALFL,S,0,4,1,
59,a,6/25/2018,VEER,S,0,3,1,
59,b,6/26/2018,GRCA,S,1,2,1,
59,b,6/26/2018,AMRE,S,1,3,1,
59,b,6/26/2018,AMRE,S,1,2,1,
59,b,6/26/2018,VEER,C,0,1,1,
59,b,6/26/2018,REVI,S,1,1,1,
59,b,6/26/2018,ALFL,C,0,3,1,
59,b,6/26/2018,ALFL,S,0,4,1,
59,b,6/26/2018,CCSP,S,0,2,1,
59,b,6/26/2018,VEER,S,0,3,1,
59,b,6/26/2018,VEER,S,3,2,2,
59,c,6/26/2018,LEFL,S,3,3,1,
59,c,6/26/2018,VEER,S,1,2,1,
59,c,6/26/2018,RUGR,S,1,1,1,
59,c,6/26/2018,REVI,S,0,3,1,
59,c,6/26/2018,AMRE,S,0,3,1,
59,c,6/26/2018,GWWA,S,4,1,1,
59,c,6/26/2018,AMRE,S,4,2,1,
59,c,6/26/2018,CSWA,S,0,4,1,
59,c,6/26/2018,AMRO,S,0,1,1,
59,c,6/26/2018,RBGR,C,2,2,1,
59,c,6/26/2018,OVEN,S,0,4,1,
59,c,6/26/2018,VEER,S,0,3,1,
59,c,6/26/2018,MODO,S,1,1,1,
59,c,6/26/2018,NAWA,S,0,4,1,
59,c,6/26/2018,MOWA,C,0,1,1,
59,c,6/26/2018,MOWA,S,0,3,1,
59,c,6/26/2018,VEER,S,0,3,1,
59,c,6/26/2018,UWAR,S,2,3,1,
59,d,6/26/2018,RBGR,S,3,2,1,
59,d,6/26/2018,AMRE,F,0,2,1,
59,d,6/26/2018,OVEN,S,0,1,1,
59,d,6/26/2018,WOTH,S,3,2,1,
59,d,6/26/2018,BHCO,S,4,2,1,
59,d,6/26/2018,GWWA,S,4,3,1,
59,d,6/26/2018,WTSP,D,0,3,1,
59,d,6/26/2018,CSWA,S,1,3,1,
59,d,6/26/2018,REVI,S,0,2,1,
59,d,6/26/2018,CSWA,S,2,4,1,
59,d,6/26/2018,ALFL,F,2,2,1,
60,a,6/23/2018,REVI,S,1,2,1,
60,a,6/23/2018,WOTH,S,0,3,1,
60,a,6/23/2018,CSWA,S,1,2,1,
60,a,6/23/2018,YTVI,S,0,3,1,
60,a,6/23/2018,PIWA,S,0,3,1,
60,a,6/23/2018,REVI,C,4,4,1,
60,a,6/23/2018,AMRE,C,0,3,1,
60,a,6/23/2018,OVEN,C,0,2,1,
60,a,6/23/2018,OVEN,C,1,3,1,
60,a,6/23/2018,REVI,S,0,4,1,
60,a,6/23/2018,WTSP,S,2,3,1,
60,a,6/23/2018,TRES,S,2,2,1,
60,a,6/23/2018,VEER,S,0,2,1,
60,a,6/23/2018,VEER,S,0,2,1,
60,a,6/23/2018,VEER,S,0,2,1,
60,a,6/23/2018,RUGR,S,4,2,1,
60,a,6/23/2018,OVEN,S,0,1,1,
60,a,6/23/2018,VEER,S,0,4,1,
60,a,6/23/2018,CSWA,S,2,3,1,
60,a,6/23/2018,REVI,S,3,4,1,
60,b,6/23/2018,AMCR,S,4,3,1,
60,b,6/23/2018,UPBD,S,3,2,1,
60,b,6/23/2018,OVEN,S,2,2,1,
60,b,6/23/2018,REVI,S,1,3,1,
60,b,6/23/2018,VEER,S,4,2,1,
60,b,6/23/2018,RUGR,S,0,3,1,
60,b,6/23/2018,AMRO,C,0,3,1,
60,b,6/23/2018,SACR,S,2,3,1,
60,b,6/23/2018,CSWA,S,3,2,1,
60,b,6/23/2018,PIWO,S,0,3,1,
60,b,6/23/2018,WTSP,S,0,3,1,
60,b,6/23/2018,WTSP,S,2,2,1,
60,b,6/23/2018,CSWA,S,0,1,1,
60,b,6/23/2018,CSWA,S,0,3,1,
60,b,6/23/2018,CSWA,S,0,1,1,
60,b,6/23/2018,GWWA,S,4,4,1,
60,b,6/23/2018,VEER,S,0,2,1,
60,c,6/23/2018,AMCR,S,0,1,1,
60,c,6/23/2018,VEER,D,1,2,1,
60,c,6/23/2018,YWAR,S,0,2,1,
60,c,6/23/2018,YTVI,S,0,3,1,
60,c,6/23/2018,ALFL,S,0,3,1,
60,c,6/23/2018,NAWA,S,0,2,1,
60,c,6/23/2018,YSFL,S,0,3,1,
60,c,6/23/2018,REVI,S,0,3,1,
60,d,6/23/2018,RBGR,S,0,2,1,
60,d,6/23/2018,COYE,S,4,2,1,
60,d,6/23/2018,CSWA,S,4,2,1,
60,d,6/23/2018,LEFL,S,0,3,1,
60,d,6/23/2018,VEER,S,0,1,1,
60,d,6/23/2018,VEER,C,2,3,1,
60,d,6/23/2018,WIWR,S,4,4,1,
60,d,6/23/2018,REVI,S,2,2,1,
60,d,6/23/2018,GWWA,S,4,4,1,
